molecule_chembl_id,canonical_smiles,pIC50,class,MW,LogP,NHDonnors,NHAcceptors
CHEMBL300209,CN(C)CCc1c[nH]c2ccc(Cc3nnn[nH]3)cc12,7.199970640755866,active,270.34000000000003,1.3758999999999997,2,4
CHEMBL54265,CN(C)CCc1c[nH]c2ccc(-n3cncn3)cc12,7.599980364934842,active,255.32500000000002,1.8527,1,4
CHEMBL53764,Cc1nccn1-c1ccc2[nH]cc(CCN(C)C)c2c1,7.199970640755866,active,268.364,2.766120000000001,1,3
CHEMBL299213,CCn1nnc(Cc2ccc3[nH]cc(CCN(C)C)c3c2)n1,6.299997602857746,active,298.394,1.8692,1,5
CHEMBL53128,CN(C)CCc1c[nH]c2ccc(Cc3nnnn3C)cc12,6.699991797446187,active,284.367,1.3862999999999996,1,5
CHEMBL53467,CN(C)CCc1c[nH]c2ccc(Cn3ncnn3)cc12,6.699991797446187,active,270.34000000000003,1.3068,1,5
CHEMBL128,CNS(=O)(=O)Cc1ccc2[nH]cc(CCN(C)C)c2c1,6.299997602857746,active,295.408,1.3211999999999997,2,3
CHEMBL52912,CN(C)CCc1c[nH]c2ccc(Cn3ccnc3)cc12,6.799998134593398,active,268.36400000000003,2.516800000000001,1,3
CHEMBL54103,CN(C)CCc1c[nH]c2ccc(Cc3nncn3C)cc12,6.499996931948306,active,283.379,1.9912999999999998,1,4
CHEMBL52264,CN(C)CCc1c[nH]c2ccc(Cc3ncnn3C)cc12,6.499996931948306,active,283.379,1.9912999999999998,1,4
CHEMBL905,CN(C)CCc1c[nH]c2ccc(Cn3cncn3)cc12,6.499996931948306,active,269.35200000000003,1.9118000000000002,1,4
CHEMBL53485,CN(C)CCc1c[nH]c2ccc(Cn3cnnn3)cc12,6.799998134593398,active,270.34000000000003,1.3068,1,5
CHEMBL50834,CCn1nnnc1Cc1ccc2[nH]cc(CCN(C)C)c2c1,6.499996931948306,active,298.39400000000006,1.8692,1,5
CHEMBL298544,CN(C)CCc1c[nH]c2ccc(Cc3nnn(C)n3)cc12,6.199998172182031,active,284.367,1.3862999999999996,1,5
CHEMBL53349,Cc1nccn1Cc1ccc2[nH]cc(CCN(C)C)c2c1,6.499996931948306,active,282.391,2.8252200000000007,1,3
CHEMBL50837,CN(C)CCc1c[nH]c2ccc(Cn3ccnn3)cc12,6.900008766455315,active,269.35200000000003,1.9118,1,4
CHEMBL39243,CN(C)CCc1c[nH]c2ccc(Cc3nc(N)no3)cc12,6.499996931948306,active,285.351,1.8279999999999998,2,5
CHEMBL26560,CCCN1CC[C@H]2c3cccc(O)c3CC[C@H]21,6.0,intermediate,231.33899999999997,2.9063000000000017,1,2
CHEMBL37462,CN(C)CCc1c[nH]c2ccc(Cc3nc(N)ns3)cc12,7.299988937677888,active,301.419,2.2965,2,5
CHEMBL39331,COc1ccc(Cc2noc(-c3ccc4[nH]cc(CCN)c4c3)n2)cc1,8.299988937677888,active,348.4060000000001,3.318500000000001,2,5
CHEMBL18710,CN(C)CCc1coc2ccc(C(N)=O)cc12,8.040005161671584,active,232.283,1.6358,1,3
CHEMBL290587,CN(C)CCc1c[nH]c2ccc(CCc3nc(N)no3)cc12,7.299988937677888,active,299.378,2.0224,2,5
CHEMBL288821,NCCc1c[nH]c2ccc(-c3nc(Cc4ccccc4)no3)cc12,7.899974269892137,active,318.38,3.3099000000000016,2,4
CHEMBL39712,Cc1noc(Cc2ccc3[nH]cc(CCN)c3c2)n1,6.399996913372259,active,256.30899999999997,1.95132,2,4
CHEMBL36497,Cc1noc(-c2ccc3[nH]cc(CCN)c3c2)n1,7.199970640755866,active,242.28199999999995,2.027519999999999,2,4
CHEMBL37317,NCCc1c[nH]c2ccc(Cc3nc(N)no3)cc12,6.499996931948306,active,257.29699999999997,1.2250999999999999,3,5
CHEMBL289489,CC(=O)Nc1ccc(Cc2noc(-c3ccc4[nH]cc(CCN)c4c3)n2)cc1,8.299988937677888,active,375.4320000000002,3.268300000000001,3,5
CHEMBL39317,CS(=O)(=O)Nc1ccc(Cc2noc(-c3ccc4[nH]cc(CCN)c4c3)n2)cc1,8.500038134403809,active,411.4870000000002,2.6814,3,6
CHEMBL19114,NCCc1coc2ccc(C(N)=O)cc12,8.33998877871067,active,204.22899999999996,1.0329,2,3
CHEMBL18840,NCCc1c[nH]c2ccc(C(N)=O)cc12,9.53003079050004,active,203.24499999999995,0.768,3,2
CHEMBL39296,Cc1noc(Cc2ccc3[nH]cc(CCN(C)C)c3c2)n1,6.299997602857746,active,284.363,2.554220000000001,1,4
CHEMBL38482,NCCc1c[nH]c2ccc(-c3nc(C4CC4)no3)cc12,7.50003813440381,active,268.31999999999994,2.5965000000000007,2,4
CHEMBL39636,NCCc1c[nH]c2ccc(CCc3nc(Cc4ccccc4)no3)cc12,7.79997073344623,active,346.43399999999997,3.4281000000000024,2,4
CHEMBL18928,NCCC1COc2ccc(C(N)=O)cc21,7.140021558357979,active,206.24499999999998,0.6103000000000002,2,3
CHEMBL81485,CNCC1CC2c3ccccc3Cc3ccccc3N2O1,6.0,intermediate,280.371,3.0618000000000016,1,3
CHEMBL83658,CN(C)CC1CC2c3ccccc3Cc3ccccc3N2O1,6.009998764965339,active,294.398,3.4040000000000026,0,3
CHEMBL313189,CN(C)CCC1CC2c3ccccc3Cc3ccccc3N2O1,6.0,intermediate,308.42500000000007,3.794100000000003,0,3
CHEMBL2110300,CN(C)[C@H]1C[C@H](c2c[nH]c3ccc(CC4COC(=O)N4)cc32)C1,5.450000476425332,intermediate,313.401,2.6264000000000003,2,3
CHEMBL6437,CN1CCN2c3ccccc3Cc3ccccc3C2C1,6.399996913372259,active,264.372,3.0839000000000016,0,2
CHEMBL148860,COc1cccc2c1O[C@@H](CN1[C@@H]3CC[C@H]1C[C@](O)(c1csc4ccccc14)C3)CO2,7.443697499232712,active,437.56100000000015,4.564300000000004,1,6
CHEMBL151266,COc1cccc2c1O[C@@H](CN1[C@@H]3CC[C@H]1C[C@](O)(c1ccccc1)C3)CO2,7.6020599913279625,active,381.4720000000001,3.3496000000000024,1,5
CHEMBL146751,COc1cccc2c1O[C@@H](CN1[C@@H]3CC[C@H]1C[C@](O)(c1ccc4ccccc4c1)C3)CO2,8.006563769502389,active,431.53200000000015,4.502800000000004,1,5
CHEMBL355953,COc1cccc2c1O[C@@H](CN1[C@@H]3CC[C@H]1C[C@](O)(c1ccccn1)C3)CO2,5.828566099056992,intermediate,382.4600000000001,2.744600000000001,1,6
CHEMBL431211,c1ccc2c(c1)CCC(CNCCCCNC1=NCCCN1)O2,8.100015437450608,active,316.44900000000007,1.6888999999999992,3,5
CHEMBL422243,c1cnc(NCCCNCC2CCc3ccccc3O2)nc1,8.700057099977233,active,298.39,2.2620000000000005,2,5
CHEMBL315757,c1ccc2c(c1)CCC(CNCCCNc1nc3ccccc3[nH]1)O2,7.0,active,336.439,3.348300000000001,3,4
CHEMBL88207,c1ccc(NCCCNCC2CCc3ccccc3O2)nc1,8.899974269892137,active,297.402,2.867000000000001,2,4
CHEMBL90443,CC(C)/N=C(\N)NNCCCNCC1CCc2ccccc2O1,8.100015437450608,active,319.45300000000003,1.1772000000000014,4,4
CHEMBL88784,c1ccc2c(c1)CCC(CNCCCCCNC1=NCCCN1)O2,8.299988937677888,active,330.47600000000006,2.0789999999999997,3,5
CHEMBL91190,CN1c2ccccc2CCC1CNCCCNC1=NCCCN1,6.0,intermediate,315.46500000000003,1.3562000000000005,3,5
CHEMBL89427,c1ccc2c(c1)CCC(CNCCCNc1nccs1)O2,8.79997073344623,active,303.431,2.9285000000000005,2,5
CHEMBL88676,c1ccc2c(c1)CCC(CNCCCNC1=NCCCN1)O2,7.899974269892137,active,302.422,1.2987999999999995,3,5
CHEMBL312845,CC(C)/N=C(\NC#N)NCCCNCC1CCc2ccccc2O1,7.79997073344623,active,329.448,1.7845800000000003,3,4
CHEMBL88208,c1ccc2c(c1)CCC(CNCCCNC1=NCCN1)O2,7.899974269892137,active,288.395,0.9086999999999998,3,5
CHEMBL92320,c1ccc2c(c1)CCCC(CNCCCNC1=NCCCN1)O2,6.0,intermediate,316.44900000000007,1.6888999999999992,3,5
CHEMBL91596,COc1ccc2c(c1)OC(CNCCCNC1=NCCCN1)CC2,7.899974269892137,active,332.44800000000015,1.3074,3,6
CHEMBL314738,c1ccc2c(c1)CCC(CNCCCNC1=NCCCN1)C2,6.900008766455315,active,300.45000000000005,1.7100999999999997,3,4
CHEMBL89878,CCc1ccc2c(c1)OC(CNCCCNC1=NCCCN1)CC2,8.400007822415901,active,330.47600000000017,1.861199999999999,3,5
CHEMBL88212,c1ccc2c(c1)CC[C@@H](CNCCCNC1=NCCCN1)O2,7.299988937677888,active,302.422,1.2987999999999995,3,5
CHEMBL88240,c1ccc2c(c1)CC[C@H](CNCCCNC1=NCCCN1)O2,8.299988937677888,active,302.422,1.2987999999999995,3,5
CHEMBL90981,O=C1CCCN=C(NCCCNCC2CCc3ccccc3O2)N1,8.700057099977233,active,330.432,1.2155000000000002,3,5
CHEMBL88761,CC1(CNCCCNC2=NCCCN2)CCc2ccccc2O1,6.0,intermediate,316.449,1.6889,3,5
CHEMBL91154,c1ccc2c(c1)CC(CNCCCNC1=NCCCN1)O2,7.299988937677888,active,288.3949999999999,0.9086999999999998,3,5
CHEMBL329207,c1ccc2c(c1)CCC(CNCCCNc1ccncn1)O2,8.299988937677888,active,298.39,2.2619999999999996,2,5
CHEMBL88785,COc1ccc2c(c1)CCC(CNCCCNC1=NCCCN1)O2,6.0,intermediate,332.4480000000001,1.3074,3,6
CHEMBL91123,c1ccc2c(c1)CCC(CNCCCNC1=NCCCC1)O2,8.199970640755865,active,301.4340000000001,2.5319000000000003,2,4
CHEMBL88152,c1ccc2c(c1)CCC(CNCCCNc1cnccn1)O2,8.400007822415901,active,298.39,2.2619999999999996,2,5
CHEMBL89007,Clc1ccc(NCCCNCC2CCc3ccccc3O2)nn1,9.400007822415901,active,332.83500000000004,2.915400000000001,2,5
CHEMBL88661,c1ccc2c(c1)CC(CNCCCNC1=NCCCN1)CO2,6.0,intermediate,302.42199999999997,1.1562999999999997,3,5
CHEMBL86595,COc1cccc2c1CCC(CNCCCNC1=NCCCN1)O2,6.0,intermediate,332.4480000000001,1.3074,3,6
CHEMBL313490,c1cnc(NCCNCC2CCc3ccccc3O2)nc1,7.50003813440381,active,284.363,1.8719,2,5
CHEMBL90405,Fc1ccc2c(c1)CCC(CNCCCNC1=NCCCN1)O2,7.599980364934842,active,320.4120000000001,1.4378999999999997,3,5
CHEMBL88783,c1ccc2c(c1)CCC(CNCCNC1=NCCCN1)O2,7.79997073344623,active,288.395,0.9086999999999998,3,5
CHEMBL88283,COc1cccc2c1OC(CNCCCNC1=NCCCN1)CC2,8.299988937677888,active,332.44800000000015,1.3074,3,6
CHEMBL89448,c1ccc2c(c1)OCC(CNCCCNC1=NCCCN1)O2,7.700057099977233,active,304.394,0.7449999999999997,3,6
CHEMBL88417,c1ccc2c(c1)NCC(CNCCCNC1=NCCCN1)O2,6.0,intermediate,303.41,0.7781,4,6
CHEMBL331077,CN(C)CC1CC2c3ccccc3Cc3ccncc3N2O1,6.0,intermediate,295.386,2.7990000000000013,0,4
CHEMBL315772,CN(C)CC1CC2c3ccccc3Cc3ccc(Cl)cc3N2O1,6.699991797446187,active,328.8430000000001,4.057400000000003,0,3
CHEMBL331188,CN(C)CC1CC2c3cccnc3Cc3ccccc3N2O1,6.0,intermediate,295.386,2.7990000000000013,0,4
CHEMBL553331,Cl.Cl.Cn1c(=O)c2c(ncn2CCCN2CCN(C(c3ccc(F)cc3)c3ccc(F)cc3)CC2)n(C)c1=O,7.42021640338319,active,581.4950000000001,3.352800000000002,0,8
CHEMBL305660,CC(C)(C)c1ccc(C(=O)CCCN2CCC(OC(c3ccccc3)c3ccccc3)CC2)cc1,7.327902142064282,active,469.6690000000001,7.217600000000008,0,3
CHEMBL338611,Cn1c(=O)c2c(ncn2CCCN2CCC(C(c3ccccc3)c3ccccc3)CC2)n(C)c1=O.O=C(O)/C=C/C(=O)O,7.3979400086720375,active,587.6770000000004,3.0797,2,9
CHEMBL359124,[N-]=[N+]=Nc1cccc(CCN2CCN(c3cccc(C(F)(F)F)c3)CC2)c1,8.301029995663981,active,375.398,5.011900000000003,0,3
CHEMBL49,O=C1CC2(CCCC2)CC(=O)N1CCCCN1CCN(c2ncccn2)CC1,7.6020599913279625,active,385.5120000000001,2.0881999999999996,0,6
CHEMBL27429,COc1ccccc1N1CCN(CCCCN2C(=O)CC3(CCCC3)CC2=O)CC1,8.698970004336019,active,413.56200000000035,3.3068000000000017,0,5
CHEMBL47419,CC(CCCN1C(=O)CC2(CCCC2)CC1=O)N1CCN(c2ccc(F)cc2)CC1,7.00436480540245,active,415.55300000000017,3.8258000000000028,0,4
CHEMBL153174,Nc1ccc(CCN2CCN(c3cccc(C(F)(F)F)c3)CC2)cc1I,7.3979400086720375,active,475.2960000000001,4.256900000000004,1,3
CHEMBL46095,O=C1CC2(CCCC2)CC(=O)N1CCC(O)CN1CCN(c2ccc(F)cc2)CC1,7.161150909262744,active,417.5250000000002,2.4081,1,5
CHEMBL49586,CC(CCCN1C(=O)CC(C)(C)CC1=O)N1CCN(c2ncc(F)cn2)CC1,7.060480747381382,active,391.4910000000001,2.0816,0,6
CHEMBL47497,COc1ccccc1N1CCN(CC(O)CCN2C(=O)CC3(CCCC3)CC2=O)CC1,7.920818753952375,active,429.5610000000004,2.2775999999999996,1,6
CHEMBL45853,O=C1CC2(CCCC2)CC(=O)N1CCCCN1CCN(c2cnccn2)CC1,6.337242168318426,active,385.5120000000001,2.0882,0,6
CHEMBL39,NCCc1c[nH]c2ccc(O)cc12,8.2518119729938,active,176.21899999999997,1.3747,3,2
CHEMBL155615,[N-]=[N+]=Nc1ccc(CCN2CCN(c3cccc(C(F)(F)F)c3)CC2)cc1I,7.455931955649724,active,501.29400000000004,5.616500000000004,0,3
CHEMBL284820,CCCN(CCC)C1CCc2ccccc2C1,8.619788758288394,active,231.38299999999998,3.6659000000000024,0,1
CHEMBL49575,CC1(C)CC(=O)N(CCCCN2CCN(c3ncc(F)cn3)CC2)C(=O)C1,6.688246138944246,active,377.46400000000017,1.6930999999999998,0,6
CHEMBL49950,CC(O)(CCN1C(=O)CC2(CCCC2)CC1=O)CN1CCN(c2ncccn2)CC1,5.835647144215563,intermediate,415.5380000000001,1.4490999999999994,1,7
CHEMBL296254,O=C1CC2(CCCC2)CC(=O)N1CCCCN1CCN(c2ccccc2)CC1,7.823908740944319,active,383.5360000000001,3.2982000000000022,0,4
CHEMBL281720,O=C1c2ccccc2C(=O)N1CCCCN1CCN(c2ncccn2)CC1,7.221848749616356,active,365.437,1.675,0,6
CHEMBL49489,CC(CCCN1C(=O)c2ccccc2C1=O)N1CCN(c2ncc(F)cn2)CC1,6.6777807052660805,active,397.4540000000002,2.2026000000000003,0,6
CHEMBL284092,CC1(C)CC(=O)N(CCCCN2CCN(c3ncccn3)CC2)C(=O)C1,6.943095148663527,active,359.47400000000016,1.5539999999999996,0,6
CHEMBL47628,O=C1c2ccccc2C(=O)N1CCCCN1CCN(c2ncc(F)cn2)CC1,6.356547323513812,active,383.427,1.8140999999999998,0,6
CHEMBL423045,Nc1cccc(CCN2CCN(c3cccc(C(F)(F)F)c3)CC2)c1,8.09151498112135,active,349.4000000000001,3.652300000000003,1,3
CHEMBL297099,CC(CCCN1C(=O)CC2(CCCC2)CC1=O)N1CCN(c2ncccn2)CC1,8.397940008672037,active,399.53900000000016,2.4767,0,6
CHEMBL44837,O=C1CC2(CCCC2)CC(=O)N1CCCCN1CCN(c2ncc(F)cn2)CC1,7.200659450546418,active,403.5020000000001,2.2272999999999996,0,6
CHEMBL49432,O=C1CC2(CCCC2)CC(=O)N1CCCCN1CCN(c2ccc(F)cc2)CC1,7.1938200260161125,active,401.5260000000001,3.4373000000000022,0,4
CHEMBL46075,CC(CCCN1C(=O)CC2(CCCC2)CC1=O)N1CCN(c2ncc(F)cn2)CC1,7.337242168318426,active,417.52900000000017,2.615800000000001,0,6
CHEMBL297306,O=C1CC2(CCCC2)CC(=O)N1CCC(O)CN1CCN(c2ncccn2)CC1,6.075720713938118,active,401.5110000000002,1.0589999999999997,1,7
CHEMBL297543,O=C1CC2(CCCC2)CC(=O)N1CCC(O)CN1CCN(c2cnccn2)CC1,6.0,intermediate,401.5110000000002,1.0589999999999997,1,7
CHEMBL44992,CC(C)(CCN1C(=O)CC2(CCCC2)CC1=O)CN1CCN(c2ncccn2)CC1,6.1487416512809245,active,413.56600000000014,2.7243000000000013,0,6
CHEMBL299406,COc1ccc(N2CCN(CCCCN3C(=O)CC4(CCCC4)CC3=O)CC2)cc1,6.031517051446064,active,413.5620000000003,3.3068000000000017,0,5
CHEMBL31115,COc1ccc2[nH]cc(CC(C)N)c2c1,7.063486257521107,active,204.27299999999997,2.0662,2,2
CHEMBL135076,C[C@@H](N)Cc1c[nH]c2ccc3c(c12)CCCO3,5.062983892535186,intermediate,230.31099999999992,2.3826,2,2
CHEMBL133455,C[C@H](N)Cc1c[nH]c2ccc3c(c12)CCCO3,5.0,intermediate,230.31099999999992,2.3826,2,2
CHEMBL133868,CC(N)Cc1c[nH]c2ccc3c(c12)CCCO3,4.962573502059376,inactive,230.31099999999992,2.3826,2,2
CHEMBL27173,NCCc1c[nH]c2ccc3c(c12)CCCO3,6.542118103266008,active,216.2839999999999,1.9941,2,2
CHEMBL275854,CC(N)Cc1c[nH]c2ccc(O)cc12,7.707743928643524,active,190.24599999999998,1.7631999999999999,3,2
CHEMBL25800,Cn1cc(CCN)c2c3c(ccc21)OCCC3,5.075204004202088,intermediate,230.31099999999998,2.0045,1,3
CHEMBL131736,CC(N)Cc1cn(C)c2ccc3c(c12)CCCO3,4.913640169325252,inactive,244.33799999999994,2.3930000000000007,1,3
CHEMBL134519,COc1cc(C[C@@H](C)N)c(OC)cc1I,5.415329615535651,intermediate,321.158,2.1981,1,3
CHEMBL412876,CN(C)CCc1c[nH]c2ccc3c(c12)CCCO3,6.250263684430939,active,244.33799999999994,2.5970000000000004,1,2
CHEMBL57330,CCCN(CCCCNC(=O)c1cc(=O)oc2c3c4c(cc12)CCCN4CCC3)C1COc2cccc(OC)c2C1,18.522878745280337,active,559.7070000000003,4.726100000000005,1,7
CHEMBL56990,CCCN(CCCCN1C(=O)c2ccccc2S1(=O)=O)C1COc2cccc(OC)c2C1,18.0,active,458.5800000000003,3.335600000000002,0,6
CHEMBL63905,Fc1ccc(N2CCN(c3nc4ccsc4n4cccc34)CC2)cc1,4.360000032076103,inactive,352.43800000000016,4.014700000000003,0,5
CHEMBL62445,c1ccc(-c2cc3nc(N4CCNCC4)c4cccn4c3s2)cc1,5.210000001311123,intermediate,334.448,3.625600000000002,1,5
CHEMBL62902,FC(F)(F)c1cccc(N2CCN(c3nc4scc(-c5ccccc5)c4n4cccc34)CC2)c1,4.750000100140428,inactive,478.5430000000002,6.561400000000005,0,5
CHEMBL66307,Clc1ccc(C(c2ccccc2)N2CCN(c3nc4ccsc4n4cccc34)CC2)cc1,3.690000009501577,inactive,459.0180000000002,6.114000000000005,0,5
CHEMBL51118,C=CCN1CCN(c2nc3sccc3n3cccc23)CC1,7.169989064063882,active,298.41500000000013,2.857000000000001,0,5
CHEMBL355149,CN1C2CCC1CC(NC(=O)c1cnn3ccccc13)C2,5.0,intermediate,284.36300000000006,1.6892999999999994,1,4
CHEMBL65669,CN1CCN(c2nc3sc(-c4ccccc4)cc3n3cccc23)CC1,4.809999893141522,inactive,348.47500000000014,3.967800000000002,0,5
CHEMBL302104,c1ccc(N2CCN(c3nc4ccsc4n4cccc34)CC2)cc1,4.0,inactive,334.44800000000015,3.875600000000002,0,5
CHEMBL63790,c1cc2c(N3CCN(Cc4ccc5c(c4)OCO5)CC3)nc3ccsc3n2c1,6.579994715040948,active,392.4840000000001,3.5999000000000025,0,7
CHEMBL293219,FC(F)(F)c1cccc(N2CCN(c3nc4cc(-c5ccccc5)sc4n4cccc34)CC2)c1,4.0,inactive,478.5430000000002,6.561400000000005,0,5
CHEMBL18772,c1ccc2nc(N3CCNCC3)ccc2c1,5.839999931118699,intermediate,213.284,1.6443999999999999,1,3
CHEMBL417570,O=C(c1ccc(F)cc1)N1CCN(c2nc3ccsc3n3cccc23)CC1,3.989999996723885,inactive,380.4480000000001,3.650500000000002,0,5
CHEMBL275008,C=CCN1CC[C@H]2Cc3c(cccc3OC)C[C@@H]21,6.0,intermediate,243.35,2.670300000000001,0,2
CHEMBL64948,CCCN1CCN(c2nc3ccsc3n3cccc23)CC1,7.029978734171634,active,300.43100000000015,3.0810000000000013,0,5
CHEMBL68390,FC(F)(F)c1cccc(N2CCN(c3nc4ccsc4n4cccc34)CC2)c1,6.540004743952609,active,402.4450000000001,4.894400000000004,0,5
CHEMBL292293,c1cc2c(N3CCOCC3)nc3ccsc3n2c1,4.489999942195333,inactive,259.334,2.3856,0,5
CHEMBL63289,CCOC(=O)N1CCN(c2nc3ccsc3n3cccc23)CC1,4.469999943783888,inactive,330.4130000000001,2.8275000000000006,0,6
CHEMBL62612,Cc1sc2c(nc(N3CCN(Cc4ccccc4)CC3)c3cccn32)c1C,3.900000004068662,inactive,376.52900000000017,4.488040000000003,0,5
CHEMBL302447,c1ccc(CN2CCN(c3nc4scc(-c5ccccc5)c4n4cccc34)CC2)cc1,4.589999963296594,inactive,424.5730000000002,5.538200000000005,0,5
CHEMBL65710,c1ccc(CN2CCN(c3nc4sccc4n4cccc34)CC2)cc1,5.229999745811778,intermediate,348.47500000000014,3.8712000000000026,0,5
CHEMBL54720,c1ccc(CN2CCN(c3nc4ccsc4n4cccc34)CC2)cc1,6.399996913372259,active,348.47500000000014,3.8712000000000026,0,5
CHEMBL63845,FC(F)(F)c1cccc(N2CCN(c3nc4sccc4n4cccc34)CC2)c1,4.900000142057633,inactive,402.4450000000001,4.894400000000004,0,5
CHEMBL62911,C[N+]1(Cc2ccccc2)CCN(c2nc3ccsc3n3cccc23)CC1,5.110000065251387,intermediate,363.5100000000001,4.015800000000003,0,4
CHEMBL64727,Clc1ccc(CN2CCN(c3nc4sccc4n4cccc34)CC2)c(Cl)c1,4.499999953328896,inactive,417.36500000000024,5.1780000000000035,0,5
CHEMBL63588,c1ccc(C2CCN(c3nc4ccsc4n4cccc34)CC2)cc1,4.0,inactive,333.46000000000015,4.933000000000004,0,4
CHEMBL65212,C1=CCN(c2nc3ccsc3n3cccc23)CC1,3.33999999963408,inactive,255.34599999999995,3.3153000000000015,0,4
CHEMBL66408,c1ccc(CN2CCN(c3nc4sc(-c5ccccc5)cc4n4cccc34)CC2)cc1,3.410000005575159,inactive,424.5730000000002,5.538200000000005,0,5
CHEMBL294368,Clc1ccc(CN2CCN(c3nc4ccsc4n4cccc34)CC2)c(Cl)c1,6.180002266489224,active,417.36500000000024,5.1780000000000035,0,5
CHEMBL52772,Fc1ccc(CN2CCN(c3nc4sccc4n4cccc34)CC2)cc1,4.8399999311187,inactive,366.46500000000015,4.010300000000003,0,5
CHEMBL283207,CCCN(CCCCN1C(=O)c2ccccc2C1=O)C1COc2cccc(OC)c2C1,16.30102999566398,active,422.52500000000026,3.7871000000000032,0,5
CHEMBL11592,CCCN(CCCCN1C(=O)CC2(CCCC2)CC1=O)C1COc2cccc(OC)c2C1,18.69897000433602,active,442.6000000000002,4.200300000000004,0,5
CHEMBL350972,CN1C2CCC1CC(OC(=O)c1cnn3ccccc13)C2,5.0,intermediate,285.3470000000001,2.1163,0,5
CHEMBL261977,C(=C/c1ccccc1)\CN1CCN(c2nc3ccsc3n3cccc23)CC1,7.079981083971085,active,374.5130000000001,4.384400000000004,0,5
CHEMBL267559,CCCN1CC[C@H]2Cc3c(cccc3OC)C[C@@H]21,6.0,intermediate,245.36599999999999,2.894300000000001,0,2
CHEMBL65736,c1cc2c(N3CCN(CC4CC4)CC3)nc3ccsc3n2c1,7.209996479609511,active,312.442,3.0810000000000013,0,5
CHEMBL303986,O=C(CN1CCN(c2nc3ccsc3n3cccc23)CC1)N1CCCC1,6.390000296157769,active,369.4940000000003,2.2934,0,6
CHEMBL65974,CN1CCN(c2nc3ccsc3n3cccc23)CC1,6.929999096197655,active,272.37700000000007,2.3007999999999997,0,5
CHEMBL63114,c1cc2c(N3CCCCC3)nc3ccsc3n2c1,4.190000019529944,inactive,257.362,3.5393000000000026,0,4
CHEMBL62274,C=CCN1CCN(c2nc3ccsc3n3cccc23)CC1,6.919987152892072,active,298.41500000000013,2.857000000000001,0,5
CHEMBL66310,Clc1ccc(N2CCN(c3nc4ccsc4n4cccc34)CC2)cc1,4.0,inactive,368.89300000000014,4.5290000000000035,0,5
CHEMBL302431,Clc1ccc(CN2CCN(c3nc4ccsc4n4cccc34)CC2)cc1Cl,5.8700009280425745,intermediate,417.36500000000024,5.1780000000000035,0,5
CHEMBL66540,c1ccc(CN2CCN(c3nc4cc(-c5ccccc5)sc4n4cccc34)CC2)cc1,4.0,inactive,424.5730000000002,5.538200000000006,0,5
CHEMBL64903,Fc1ccc(CN2CCN(Cc3nc4ccsc4n4cccc34)CC2)cc1,5.110000065251387,intermediate,380.4920000000002,4.005900000000003,0,5
CHEMBL292725,c1cc2c(N3CCN(Cc4ccc5c(c4)OCO5)CC3)nc3sccc3n2c1,5.979999397807417,intermediate,392.4840000000001,3.5999000000000025,0,7
CHEMBL293879,CCOC(=O)CN1CCN(c2nc3ccsc3n3cccc23)CC1,6.589999287456538,active,344.4400000000001,2.2340999999999998,0,7
CHEMBL65413,Clc1ccc(CN2CCN(c3nc4sccc4n4cccc34)CC2)cc1Cl,4.989999996723885,inactive,417.36500000000024,5.1780000000000035,0,5
CHEMBL57187,CCCN(CCCCNc1ccc([N+](=O)[O-])c2nonc12)C1COc2cccc(OC)c2C1,16.0,active,455.51500000000027,4.047400000000003,1,9
CHEMBL301765,c1cc2c(N3CCNCC3)nc3ccsc3n2c1,7.230032198670558,active,258.35,1.9585999999999997,1,5
CHEMBL62366,CN1CCN(c2nc3cc(-c4ccccc4)sc3n3cccc23)CC1,5.309999839831226,intermediate,348.47500000000014,3.967800000000003,0,5
CHEMBL27403,CN1CCN(c2nc3cc(C(F)(F)F)ccc3n3cccc23)CC1,7.3300326300914955,active,334.3450000000001,3.2581000000000024,0,4
CHEMBL302225,CN1CCN(c2nc3sccc3n3cccc23)CC1,7.280006173632396,active,272.37700000000007,2.3007999999999997,0,5
CHEMBL64559,FC(F)(F)c1cccc(N2CCN(c3nc4sc(-c5ccccc5)cc4n4cccc34)CC2)c1,4.0,inactive,478.5430000000002,6.561400000000005,0,5
CHEMBL418678,Fc1ccc(CN2CCN(c3nc4ccsc4n4cccc34)CC2)cc1,6.459996055149974,active,366.46500000000015,4.010300000000003,0,5
CHEMBL63713,FC(F)(F)c1ccccc1CCN1CCN(c2nc3ccsc3n3cccc23)CC1,7.140021558357979,active,430.49900000000014,4.9325000000000045,0,5
CHEMBL296161,CN(C)CCc1c[nH]c2ccc(-n3cnnc3)cc12,7.2839966563652006,active,255.32500000000002,1.8526999999999998,1,4
CHEMBL53739,CN1CCC(c2c[nH]c3ccc(-n4cnnc4)cc23)CC1,7.022276394711152,active,281.3630000000001,2.5578000000000003,1,4
CHEMBL275481,CCCN1CCN(Cc2ccccc2)CC12COc1cccc(OC)c1C2,4.800000052738446,inactive,366.50500000000017,3.596700000000003,0,4
CHEMBL11425,O=C1CC2(CCCC2)CC(=O)N1CCCCNCC1COc2ccccc2C1,8.199970640755865,active,384.52000000000015,3.316900000000002,1,4
CHEMBL11265,COc1cccc2c1CC1(CCCN1CCCCN1C(=O)CC3(CCCC3)CC1=O)CO2,7.969805214643249,active,440.58400000000034,3.9543000000000035,0,5
CHEMBL417608,CCCN(CCCCN1C(=O)CC2(CCCC2)CC1=O)CC1COc2cccc(OC)c2C1,6.2900011719748115,active,456.62700000000024,4.447900000000004,0,5
CHEMBL11409,CCCN1CCN(CCCCN2C(=O)CC3(CCCC3)CC2=O)CC12COc1cccc(OC)c1C2,4.800000052738446,inactive,497.6800000000004,3.8861000000000026,0,6
CHEMBL416523,COc1cccc2c1CC(CNCCCCN1C(=O)CC3(CCCC3)CC1=O)CO2,9.890084136976206,active,414.54600000000033,3.3255000000000017,1,5
CHEMBL11262,CCCN(CCC)CC1COc2cccc(OC)c2C1,6.630005338391571,active,277.408,3.3683000000000023,0,3
CHEMBL416336,CCCN(CCC)CC1(N(CCC)CCC)COc2cccc(OC)c2C1,5.380000399499541,intermediate,376.5850000000001,4.612900000000004,0,4
CHEMBL438755,CCCN1CCN(CCC)C2(COc3cccc(OC)c3C2)C1,5.520000247408364,intermediate,318.4610000000001,2.8065000000000015,0,4
CHEMBL60318,Cn1c(=O)sc2cc(CCN3CCN(c4ccc(F)cc4)CC3)ccc21,7.3979400086720375,active,371.4810000000001,3.1038000000000014,0,5
CHEMBL293923,COc1ccccc1N1CCN(CCc2ccc3c(c2)sc(=O)n3C)CC1,8.698970004336019,active,383.5170000000001,2.973300000000001,0,6
CHEMBL64878,COc1ccccc1N1CCN(CCCCc2ccc3nc(O)sc3c2)CC1,9.698970004336019,active,397.5440000000001,4.155400000000003,1,6
CHEMBL60447,Cn1c(=O)sc2cc(CCN3CCN(c4ccccc4O)CC3)ccc21,9.698970004336019,active,369.4900000000001,2.670300000000001,1,6
CHEMBL42,CN1CCN(C2=Nc3cc(Cl)ccc3Nc3ccccc32)CC1,6.823908740944319,active,326.83100000000013,3.7227000000000023,1,4
CHEMBL59741,Oc1nc2ccc(CCN3CCN(c4cccc(C(F)(F)F)c4)CC3)cc2s1,5.522878745280337,intermediate,407.46100000000007,4.385400000000003,1,5
CHEMBL60885,COc1ccccc1N1CCN(CCc2ccc3nc(O)sc3c2)CC1,9.522878745280337,active,369.49000000000007,3.375200000000002,1,6
CHEMBL64610,CN1C(=O)COc2cc(CCCCN3CCN(c4cccc(C(F)(F)F)c4)CC3)ccc21,9.221848749616356,active,447.5010000000001,4.205500000000003,0,4
CHEMBL292935,COc1ccccc1N1CCN(CCCc2ccc3nc(O)sc3c2)CC1,7.958607314841775,active,383.51700000000005,3.7653000000000025,1,6
CHEMBL61869,Oc1nc2ccc(CCN3CCN(c4ccccc4O)CC3)cc2s1,9.154901959985743,active,355.4630000000001,3.0722000000000014,2,6
CHEMBL64167,Cn1c(=O)sc2cc(CCN3CCN(c4ccccc4)CC3)ccc21,9.154901959985743,active,353.4910000000001,2.9647000000000014,0,5
CHEMBL59637,Oc1nc2ccc(CCN3CCN(c4ccccc4)CC3)cc2s1,8.522878745280337,active,339.4640000000001,3.3666000000000027,1,5
CHEMBL61818,Cn1c(=O)sc2cc(CCCCN3CCN(c4cccc(C(F)(F)F)c4)CC3)ccc21,8.698970004336019,active,449.5420000000001,4.7637000000000045,0,5
CHEMBL60047,CN1C(=O)COc2cc(CCN3CCN(c4cccc(C(F)(F)F)c4)CC3)ccc21,9.154901959985743,active,419.4470000000001,3.425300000000002,0,4
CHEMBL418499,Cn1c(=O)sc2cc(CCN3CCN(c4cccc(C(F)(F)F)c4)CC3)ccc21,9.0,active,421.4880000000001,3.983500000000003,0,5
CHEMBL61819,COc1ccccc1N1CCN(CCCCc2ccc3c(c2)sc(=O)n3C)CC1,9.096910013008056,active,411.57100000000014,3.7535000000000025,0,6
CHEMBL64845,Oc1nc2ccc(CCCCN3CCN(c4cccc(C(F)(F)F)c4)CC3)cc2s1,7.366531544420414,active,435.5150000000001,5.165600000000005,1,5
CHEMBL54,O=C(CCCN1CCC(O)(c2ccc(Cl)cc2)CC1)c1ccc(F)cc1,5.823908740944319,intermediate,375.87100000000015,4.425600000000004,1,3
CHEMBL294730,COc1ccccc1N1CCN(CCCc2ccc3c(c2)sc(=O)n3C)CC1,8.522878745280337,active,397.5440000000001,3.363400000000002,0,6
CHEMBL304438,COc1ccccc1N1CCN(CCc2ccc3c(c2)OCC(=O)N3C)CC1,9.698970004336019,active,381.47600000000017,2.4151,0,5
CHEMBL59823,COc1ccccc1N1CCN(CCCCc2ccc3c(c2)OCC(=O)N3C)CC1,9.096910013008056,active,409.5300000000002,3.1953000000000014,0,5
CHEMBL116735,O=C(CCc1ccc(F)cc1)N1CCN(CCCC(c2ccc(F)cc2)c2ccc(F)cc2)CC1,5.954677021213342,intermediate,480.5740000000001,5.793000000000006,0,2
CHEMBL116463,N#Cc1ccc(CCOC(=O)NC2CCN(CCCC(c3ccc(F)cc3)c3ccc(F)cc3)CC2)cc1,6.006563769502389,active,517.6200000000002,6.181880000000007,1,4
CHEMBL326538,O=C(OCc1cccc(Oc2ccccc2)c1)N1CCC2(CC1)C(=O)NCN2c1ccccc1,5.681936665037238,intermediate,457.53000000000026,4.544000000000004,1,5
CHEMBL326263,N#Cc1ccc(CCOC(=O)N2CCN(CCCC(c3ccc(F)cc3)c3ccc(F)cc3)CC2)cc1,5.991399828238082,intermediate,503.59300000000013,5.745480000000006,0,4
CHEMBL159483,O=C1N[C@@H](Cc2ccc3[nH]cc(CCN4CC[C@@H](CNCc5ccccc5)C4)c3c2)CO1,7.769551078621726,active,432.56800000000015,3.4730000000000016,3,4
CHEMBL160070,C[C@H](NC[C@@H]1CCN(CCc2c[nH]c3ccc(C[C@H]4COC(=O)N4)cc23)C1)c1ccccc1,8.060480747381382,active,446.5950000000002,4.0340000000000025,3,4
CHEMBL325516,O=C(OCCc1ccc(F)cc1)N1CCN(CCCC(c2ccc(F)cc2)c2ccc(F)cc2)CC1,5.943095148663527,intermediate,496.5730000000002,6.012900000000006,0,3
CHEMBL420965,c1ccc(CNC[C@@H]2CCN(CCc3c[nH]c4ccc(-n5cnnc5)cc34)C2)cc1,8.267606240177031,active,400.5300000000001,3.402800000000002,2,5
CHEMBL325258,N#Cc1ccc(CCOC(=O)N2CCN(CCCc3ccccc3)CC2)cc1,5.804100347590767,intermediate,377.48800000000006,3.4877800000000025,0,4
CHEMBL161780,CNS(=O)(=O)Cc1ccc2[nH]cc(CCN3CC[C@@H](CNCc4ccccc4)C3)c2c1,7.3872161432802645,active,440.6130000000002,2.8713000000000006,3,4
CHEMBL115444,O=C(OCc1cc2c(cc1Cl)OCO2)N1CCC(n2c(O)nc3ccccc32)CC1,5.332547047110046,intermediate,429.8600000000001,4.097700000000002,1,7
CHEMBL318604,C1=C(c2c[nH]c3ccccc23)CCN(CCOc2cccc3ncccc23)C1,6.280668713016274,active,369.468,4.884200000000003,1,3
CHEMBL318738,C1=C(c2c[nH]c3ncccc23)CCN(CCOc2cccc3c2OCCO3)C1,6.013676222949234,active,377.44400000000013,3.502200000000002,1,5
CHEMBL105390,Fc1ccc2[nH]cc(C3=CCN(CCOc4cccc5c4OCCO5)CC3)c2c1,6.164943898279883,active,394.44600000000025,4.246300000000003,1,4
CHEMBL104229,C1=C(c2c[nH]c3ncccc23)CCN(CCOc2cccc3[nH]ccc23)C1,7.410050398674292,active,358.445,4.212300000000003,2,3
CHEMBL104144,C1=C(c2c[nH]c3ccccc23)CCN(CCOc2cccc3c2OCCO3)C1,6.653647025549361,active,376.45600000000013,4.107200000000003,1,4
CHEMBL442391,C1=C(c2c[nH]c3ncccc23)CCN(CCOc2cccc3ncccc23)C1,6.7423214251308154,active,370.456,4.279200000000003,1,4
CHEMBL322915,Fc1ccc2c(C3CCN(CCOc4cccc5c4OCCO5)CC3)c[nH]c2c1,6.176525770829699,active,396.4620000000002,4.336600000000003,1,4
CHEMBL421027,C1=C(c2c[nH]c3ccccc23)CCN(CCOc2cccc3[nH]ccc23)C1,6.939302159646388,active,357.457,4.817300000000003,2,2
CHEMBL299097,C=CCN1CCN(c2nc3ccc4ncccc4c3n3cccc23)CC1,5.3400001801593495,intermediate,343.43400000000014,3.343700000000002,0,5
CHEMBL54246,Cc1ccnc2c1nc(N1CCN(Cc3ccccc3)CC1)c1cccn12,4.300000029139089,inactive,357.4610000000001,3.5131200000000025,0,5
CHEMBL300692,Cc1ccc2c(c1)nc(N1CCN(Cc3ccc(F)cc3)CC1)c1cccn12,4.889999848866887,inactive,374.4630000000001,4.257220000000003,0,4
CHEMBL52625,Fc1ccc(CN2CCN(c3nc4cccnc4n4cccc34)CC2)cc1,5.169999984192582,intermediate,361.42400000000015,3.3438000000000017,0,5
CHEMBL299231,C=CCN1CCN(c2nc3cccnc3n3cccc23)CC1,6.929999096197655,active,293.37400000000014,2.1905,0,5
CHEMBL51675,c1ccc(COc2ccc3nc(N4CCN(Cc5ccccc5)CC4)c4cccn4c3n2)cc1,4.259999979340046,inactive,449.5580000000001,4.783700000000004,0,6
CHEMBL53416,c1ccc(CN2CCN(c3nc4ccccc4n4cccc34)CC2)cc1,5.589999287456538,intermediate,342.44600000000014,3.809700000000003,0,4
CHEMBL410531,Fc1ccc(CN2CCN(c3nc4cc(Cl)ccc4n4cccc34)CC2)cc1,4.389999976337708,inactive,394.8810000000002,4.602200000000003,0,4
CHEMBL54125,Fc1ccc(CN2CCN(c3nc4ccccc4n4cccc34)CC2)cc1,5.269999835325843,intermediate,360.43600000000015,3.948800000000003,0,4
CHEMBL52800,COc1ccc2nc(N3CCN(Cc4ccc(F)cc4)CC3)c3cccn3c2n1,4.25000001945443,inactive,391.4500000000001,3.352400000000002,0,6
CHEMBL53573,c1ccc(CN2CCN(c3nc4cccnc4n4cccc34)CC2)cc1,5.529999886197674,intermediate,343.43400000000014,3.2047000000000017,0,5
CHEMBL299634,Clc1ccc2c(c1)nc(N1CCN(Cc3ccccc3)CC1)c1cccn12,4.0,inactive,376.8910000000001,4.463100000000003,0,4
CHEMBL54914,CN1CCN(c2nc3cccnc3n3cccc23)CC1,7.010016541698601,active,267.336,1.6342999999999999,0,5
CHEMBL299524,Fc1ccc(CN2CCN(Cc3nc4ccccc4n4cccc34)CC2)cc1,4.939999856829448,inactive,374.46300000000014,3.9444000000000035,0,4
CHEMBL52007,CCOC(=O)N1CCN(c2nc3cccnc3n3cccc23)CC1,4.0,inactive,325.3720000000001,2.1609999999999996,0,6
CHEMBL50456,Clc1ccc(CN2CCN(c3nc4cccnc4n4cccc34)CC2)c(Cl)c1,4.210000001311122,inactive,412.3240000000002,4.511500000000004,0,5
CHEMBL49932,c1cnc2c(c1)nc(N1CCN(Cc3ccc4c(c3)OCO4)CC1)c1cccn12,4.96000007768865,inactive,387.44300000000015,2.9334000000000016,0,7
CHEMBL50740,c1ccc(CN2CCN(c3nc4ccc5ncccc5c4n4cccc34)CC2)cc1,4.200000030616179,inactive,393.4940000000002,4.357900000000003,0,5
CHEMBL432897,Clc1ccc2nc(N3CCN(Cc4ccccc4)CC3)c3cccn3c2c1,4.050000018582057,inactive,376.89100000000013,4.463100000000003,0,4
CHEMBL51225,c1ccc(N2CCN(c3nc4cccnc4n4cccc34)CC2)cc1,4.0,inactive,329.40700000000015,3.209100000000002,0,5
CHEMBL52867,c1cnc2ccc3nc(N4CCN(Cc5ccc6c(c5)OCO6)CC4)c4cccn4c3c2c1,4.639999934172963,inactive,437.5030000000002,4.0866000000000025,0,7
CHEMBL52612,c1ccc(CN2CCN(c3ncccc3-n3cccc3)CC2)cc1,5.639999555020352,intermediate,318.42400000000015,3.1945000000000014,0,4
CHEMBL415933,COc1ccc2c(c1)nc(N1CCN(CCCCn3cccn3)CC1)c1cccn12,6.309998953116937,active,404.5180000000001,3.2950000000000017,0,7
CHEMBL416662,Clc1ccc2c(c1)nc(N1CCN(Cc3ccc4c(c3)OCO4)CC1)c1cccn12,5.019999811738259,intermediate,420.9000000000002,4.191800000000002,0,6
CHEMBL53195,c1ccc(CN2CCN(c3ccc4nc(N5CCN(Cc6ccccc6)CC5)c5cccn5c4n3)CC2)cc1,4.0,inactive,517.6810000000004,4.526900000000004,0,7
CHEMBL298649,Cc1ccnc2c1nc(N1CCN(Cc3ccc(F)cc3)CC1)c1cccn12,4.010000009312982,inactive,375.45100000000014,3.6522200000000025,0,5
CHEMBL300725,COc1ccc2nc(N3CCN(Cc4ccccc4)CC3)c3cccn3c2n1,4.389999976337708,inactive,373.46000000000015,3.213300000000002,0,6
CHEMBL53490,c1cnc2c(c1)nc(N1CCNCC1)c1cccn12,7.189969213594161,active,253.30899999999997,1.2920999999999998,1,5
CHEMBL53662,COc1ccc2c(c1)nc(N1CCN(Cc3ccc(F)cc3)CC1)c1cccn12,4.379999982779397,inactive,390.4620000000001,3.9574000000000025,0,5
CHEMBL340873,Fc1cc2c(c(OCCNCCc3c[nH]c4ccc(F)cc34)c1)OCCC2,7.102372908709558,active,372.4150000000002,3.9822000000000024,2,3
CHEMBL340895,Fc1cc(OCCNCCCc2c[nH]c3ccc(F)cc23)c2occc2c1,6.97061622231479,active,370.3990000000001,4.793500000000003,2,3
CHEMBL339490,Fc1cc(OCCNCCCc2c[nH]c3ccc(F)cc23)c2c(c1)OCCO2,6.806875401645538,active,388.4140000000002,3.818500000000003,2,4
CHEMBL84931,CN(C)CC1CC2c3ccccc3Cc3ccc(F)cc3N2O1,5.800000874803203,intermediate,312.38800000000003,3.5431000000000026,0,3
CHEMBL435612,Fc1cc2c(c(OCCNCCc3c[nH]c4ccc(F)cc34)c1)OCC2,6.860120913598763,active,358.38800000000015,3.592100000000002,2,3
CHEMBL314107,CN(C)CC1CC2c3cc(F)ccc3Cc3ccc(F)cc3N2O1,6.0,intermediate,330.37800000000004,3.6822000000000026,0,3
CHEMBL124069,Fc1cc2c(c(OCCNCCCc3c[nH]c4ccc(F)cc34)c1)OCCC2,6.917214629683549,active,386.4420000000002,4.372300000000003,2,3
CHEMBL330827,Fc1ccc2[nH]cc(CCCNCCOc3cccc4[nH]cnc34)c2c1,8.142667503568731,active,352.413,3.784500000000002,3,3
CHEMBL338520,Fc1ccc2[nH]cc(CCCNCCOc3cc(Cl)cc4[nH]cnc34)c2c1,7.1771783546968955,active,386.85800000000006,4.437900000000003,3,3
CHEMBL133939,COc1ccc2[nH]cc(C[C@@H]3CCCN3C)c2c1,6.853871964321762,active,244.33799999999994,2.813200000000001,1,2
CHEMBL339810,Fc1cc2c(c(OCCNCCCc3c[nH]c4ccc(F)cc34)c1)OCC2,6.351639989019068,active,372.41500000000013,3.9822000000000024,2,3
CHEMBL85735,Cc1ccc2c(c1)N1OC(CN(C)C)CC1c1ccccc1C2,6.0,intermediate,308.42500000000007,3.7124200000000025,0,3
CHEMBL338482,COc1ccc(F)cc1OCCNCCc1c[nH]c2ccccc12,6.681936665037238,active,328.387,3.5267000000000017,2,3
CHEMBL7257,COc1ccc2[nH]cc(CCN(C)C)c2c1,7.823908740944319,active,218.29999999999995,2.2806000000000006,1,2
CHEMBL137485,COc1ccc2[nH]cc(C[C@H]3CCCN3C)c2c1,8.0,active,244.33799999999994,2.813200000000001,1,2
CHEMBL124638,Fc1cc2c(c(OCCNCCc3c[nH]c4ccccc34)c1)OCCC2,7.443697499232712,active,354.4250000000002,3.8431000000000024,2,3
CHEMBL313714,OC[C@H](NC1CCN(CCCc2c[nH]c3ccc(-n4cnnc4)cc23)CC1)c1ccc(F)cc1,7.180456064458131,active,462.5730000000002,3.6079000000000017,3,6
CHEMBL334923,Cc1csc2c1-n1cccc1/C2=N/OCCN(C)C,5.2399999527072705,intermediate,275.377,2.49122,0,5
CHEMBL346389,O=C1COc2cc(CN3CCN(c4ccc(Cl)cc4)CC3)ccc2N1,5.853871964321762,intermediate,357.84100000000007,2.993100000000001,1,4
CHEMBL371149,C[C@H](CN(C(=O)c1ccc(Cl)cc1)c1ccccn1)N1CCN(c2cccc3c2OCCO3)CC1,8.387216143280265,active,493.0070000000004,4.363700000000003,0,6
CHEMBL435111,C[C@H](CN(C(=O)c1ccc(C(F)(F)F)cc1)c1ccccn1)N1CCN(c2cccc3c2OCCO3)CC1,8.207608310501746,active,526.5590000000002,4.729100000000004,0,6
CHEMBL372205,C[C@H](CN(C(=O)c1ccc(C#N)cc1)c1ccccn1)N1CCN(c2cccc3c2OCCO3)CC1,7.6020599913279625,active,483.5720000000004,3.5819800000000024,0,7
CHEMBL193206,C[C@H](CN(C(=O)c1ccc([N+](=O)[O-])cc1)c1ccccn1)N1CCN(c2cccc3c2OCCO3)CC1,8.366531544420413,active,503.55900000000037,3.6185000000000027,0,8
CHEMBL537403,COc1ccccc1N1CCN(CCN(C(=O)C2CCCCC2)c2ccccn2)CC1.Cl.Cl.Cl,8.148741651280925,active,531.9560000000004,5.091100000000008,0,5
CHEMBL56,CCCN(CCC)C1CCc2cccc(O)c2C1,9.18045606445813,active,247.38199999999998,3.371500000000002,1,2
CHEMBL54786,O=C1Cc2cc(CCN3CCN(c4cccc5ccccc45)CC3)ccc2N1,8.301029995663981,active,371.48400000000015,3.6991000000000023,1,3
CHEMBL198949,CC(=O)Nc1cc(Cl)ccc1/C=C/C(=O)N1CCN(Cc2ccc(F)cc2)C[C@H]1C,6.0,intermediate,429.9230000000002,4.183600000000003,1,3
CHEMBL370110,CN1CCc2c(sc3ncn(CCN4CCN(c5cncc6ccccc56)CC4)c(=O)c23)C1,6.500312917381596,active,460.60700000000026,2.816300000000001,0,8
CHEMBL198463,CN1CCc2c(sc3ncn(CCN4CCN(c5ccnc6ccccc56)CC4)c(=O)c23)C1,5.884722408604098,intermediate,460.60700000000026,2.816300000000001,0,8
CHEMBL372312,CCC[C@@H](C(=O)c1ccc(C)cc1)N1CCCC1,5.0,intermediate,245.36599999999993,3.4422200000000025,0,2
CHEMBL377498,CCC(CC(=O)c1ccc(Cl)c(Cl)c1)N1CCCC1,5.0,intermediate,300.22900000000016,4.440600000000004,0,2
CHEMBL202939,CCC(CC(=O)c1ccc(C)cc1)N1CCCC1,5.0,intermediate,245.36599999999993,3.4422200000000025,0,2
CHEMBL369997,CCCC(C(=O)c1ccc(-c2cccs2)cc1)N1CCCC1,5.0,intermediate,313.4660000000002,4.862300000000005,0,3
CHEMBL204759,CCCC(C(=O)c1ccc2ccccc2c1)N1CCCC1,5.0,intermediate,281.39900000000006,4.2870000000000035,0,2
CHEMBL204254,CCCC(C(=O)c1cccc(C)c1)N1CCCC1,5.0,intermediate,245.36599999999993,3.4422200000000025,0,2
CHEMBL203403,CCCC(C(=O)c1ccccc1C)N1CCCC1,5.0,intermediate,245.36599999999993,3.4422200000000025,0,2
CHEMBL204490,CCCC(C(=O)c1ccc(C(F)(F)F)cc1)N1CCCC1,5.0,intermediate,299.33600000000007,4.152600000000003,0,2
CHEMBL379679,CCCC(C(=O)c1ccc(NC(C)=O)cc1)N1CCCC1,5.0,intermediate,288.3910000000001,3.092200000000002,1,3
CHEMBL381127,CCCC(C(=O)c1ccc(OC)cc1)N1CCCC1,5.0,intermediate,261.36499999999995,3.142400000000002,0,3
CHEMBL379446,CCCC(C(=O)c1ccc([N+](=O)[O-])cc1)N1CCCC1,5.0,intermediate,276.336,3.0420000000000016,0,4
CHEMBL203563,CCCC(C(=O)c1ccc(O)cc1)N1CCCC1,5.0,intermediate,247.33799999999994,2.8394000000000013,1,3
CHEMBL202420,CCCC(C(=O)c1ccc(Br)cc1)N1CCCC1,5.0,intermediate,310.2350000000001,3.8963000000000028,0,2
CHEMBL213673,NC(=O)c1ccc(F)c2c1CC(N(CCCCc1c[nH]c3ccc(F)cc13)C1CCC1)CO2,7.619788758288394,active,453.5330000000002,4.725900000000004,2,3
CHEMBL385353,NC(=O)c1ccc(F)c2c1CC(N(CCCCc1c[nH]c3ccc(F)cc13)CC1CC1)CO2,7.292429823902063,active,453.5330000000002,4.583400000000004,2,3
CHEMBL379298,NC(=O)c1ccc(F)c2c1CC(N(CCc1c[nH]c3ccc(F)cc13)CC1CC1)CO2,7.013228265733755,active,425.4790000000002,3.803200000000002,2,3
CHEMBL209784,CCCN(CCCCc1c[nH]c2ccc(F)cc12)C1COc2c(F)ccc(C(N)=O)c2C1,6.903089986991944,active,441.5220000000003,4.583400000000003,2,3
CHEMBL213639,CCCN(CCc1c[nH]c2ccc(F)cc12)C1COc2c(F)ccc(C(N)=O)c2C1,7.167491087293763,active,413.4680000000002,3.803200000000002,2,3
CHEMBL208605,CCN(CCCCc1c[nH]c2ccc(F)cc12)C1COc2c(F)ccc(C(N)=O)c2C1,6.0,intermediate,427.4950000000003,4.1933000000000025,2,3
CHEMBL210348,CCN(CCc1c[nH]c2ccc(F)cc12)C1COc2c(F)ccc(C(N)=O)c2C1,7.167491087293763,active,399.4410000000002,3.413100000000002,2,3
CHEMBL208774,NC(=O)c1ccc(F)c2c1C[C@H](N(CCCc1c[nH]c3ccc(F)cc13)C1CCC1)CO2,6.033389013318066,active,439.5060000000002,4.335800000000003,2,3
CHEMBL208773,NC(=O)c1ccc(F)c2c1C[C@@H](N(CCCc1c[nH]c3ccc(F)cc13)C1CCC1)CO2,7.568636235841012,active,439.5060000000002,4.335800000000003,2,3
CHEMBL380095,NC(=O)c1ccc(F)c2c1CC(N(CCCc1c[nH]c3ccc(F)cc13)C1CCC1)CO2,7.214670164989233,active,439.5060000000002,4.335800000000003,2,3
CHEMBL209802,NC(=O)c1ccc(F)c2c1C[C@@H](N(CCCc1c[nH]c3ccc(F)cc13)CC1CC1)CO2,7.154901959985743,active,439.5060000000002,4.193300000000003,2,3
CHEMBL427051,NC(=O)c1ccc(F)c2c1CC(N(CCCc1c[nH]c3ccc(F)cc13)CC1CC1)CO2,7.180456064458131,active,439.5060000000002,4.193300000000003,2,3
CHEMBL211393,CCN(CCCc1c[nH]c2ccc(F)cc12)[C@H]1COc2c(F)ccc(C(N)=O)c2C1,6.8696662315049934,active,413.4680000000002,3.803200000000002,2,3
CHEMBL211363,COc1cccc2c1C[C@@H](N(CCCc1c[nH]c3ccc(F)cc13)C1CCC1)CO2,7.638272163982407,active,408.5170000000002,5.106400000000004,1,3
CHEMBL2113241,Cc1coc2ccc(N3C[C@@]4(CN5CCC4CC5)OC3=O)cc12,5.0,intermediate,312.369,3.1622200000000014,0,4
CHEMBL399203,O=[N+]([O-])c1cc(O)c2c(c1)S(=O)(=O)N=C(Nc1ccccc1Oc1ccccc1)N2,5.494850021680094,intermediate,426.4100000000001,3.6750000000000016,3,8
CHEMBL250403,CCCN1CCO[C@H](c2cccc(O)c2)C1,4.698970004336019,inactive,221.29999999999998,2.1755000000000004,1,3
CHEMBL220808,Fc1ccc(-c2cncc(CNC[C@H]3CCc4ccccc4O3)c2)cc1,8.221848749616356,active,348.42100000000005,4.371100000000003,1,3
CHEMBL273041,c1ccc(CCCN2CCN(Cc3ccccc3)CC2)cc1,7.0,active,294.44200000000006,3.437000000000002,0,2
CHEMBL259415,Cc1cccc(N2CCN(CCCC(=O)NCc3nc4ccccc4c(=O)n3-c3ccccc3)CC2)c1C,6.301029995663981,active,509.6540000000003,4.221140000000004,1,6
CHEMBL261102,Cc1cccc(N2CCN(CCCC(=O)NCc3nc4cc(F)ccc4c(=O)n3-c3ccccc3)CC2)c1C,6.3979400086720375,active,527.6440000000002,4.360240000000004,1,6
CHEMBL261019,O=C(CCCN1CCN(c2cccc(C(F)(F)F)c2)CC1)NCc1nc2cc(F)ccc2c(=O)n1-c1ccccc1,6.853871964321762,active,567.5870000000003,4.762200000000004,1,6
CHEMBL261434,Cc1cccc(N2CCN(CCCC(=O)NCc3nc4ccc(F)cc4c(=O)n3-c3ccccc3)CC2)c1C,6.657577319177793,active,527.6440000000002,4.360240000000004,1,6
CHEMBL259776,COc1ccccc1N1CCN(CCCC(=O)NCc2nc3ccc(F)cc3c(=O)n2-c2ccccc2)CC1,6.017728766960431,active,529.6160000000001,3.7520000000000033,1,7
CHEMBL260907,CCOc1ccccc1N1CCN(CCCC(=O)NCc2nc3ccc(F)cc3c(=O)n2-c2ccccc2)CC1,6.301029995663981,active,543.643,4.142100000000003,1,7
CHEMBL259199,CCOc1ccccc1N1CCN(CCCC(=O)NCc2nc3cc(F)ccc3c(=O)n2-c2ccc(OC)cc2)CC1,6.431798275933005,active,573.669,4.150700000000003,1,8
CHEMBL406221,CCOc1ccccc1N1CCN(CCCC(=O)NCc2nc3ccc(F)cc3c(=O)n2-c2ccc(OC)cc2)CC1,6.920818753952375,active,573.669,4.150700000000003,1,8
CHEMBL410832,COC1OC2(CCN(Cc3ccccc3)CC2)c2cnn(-c3ccccc3)c21,5.0,intermediate,375.4720000000001,4.038800000000004,0,5
CHEMBL259732,CCCCN1CCC2(CC1)OC(OC)c1c2cnn1-c1ccccc1,5.0,intermediate,341.45500000000004,3.6387000000000027,0,5
CHEMBL250699,COc1cc(NC(=O)c2ccc(-c3ccc(Cl)cc3)o2)cc(OC)c1,5.0,intermediate,357.7930000000001,4.869500000000003,1,4
CHEMBL509387,CC[C@]12CCCN3CC[C@]4(C(=C(C(=O)OC)C1)Nc1ccccc14)[C@@H]32.Cl,5.0,intermediate,374.912,3.867000000000003,1,4
CHEMBL453023,CC[C@]12CCCN3CC[C@@]4([C@H]5CCCC[C@H]5N[C@H]4[C@@H](C(=O)[O-])C1)[C@@H]32.[Na+],5.0,intermediate,354.4700000000001,-1.4582999999999953,1,4
CHEMBL3216651,CC[C@]12CCCN3CC[C@@]4([C@H]5CCCC[C@H]5N[C@H]4[C@@H](C(=O)OC)C1)[C@@H]32.Cl.Cl,5.0,intermediate,419.43700000000007,3.8044000000000042,1,4
CHEMBL22744,NC(=O)c1ccc2[nH]cc(C3=CCC(NCCCCCCCNC4CC=C(c5c[nH]c6ccc(C(N)=O)cc56)CC4)CC3)c2c1,8.73754891026957,active,606.8149999999999,6.548700000000006,6,4
CHEMBL493625,COc1ccc(S(=O)(=O)NCCCN2CCN(c3cccc(C(F)(F)F)c3)CC2)cc1,7.356547323513812,active,457.5180000000001,3.204600000000002,1,5
CHEMBL495250,COc1ccc(S(=O)(=O)NC(C)CCN2CCN(c3cccc(C(F)(F)F)c3)CC2)cc1,7.4089353929735005,active,471.5450000000002,3.5931000000000024,1,5
CHEMBL495212,O=S(=O)(NCCCN1CCN(c2ccc(Cl)c(Cl)c2)CC1)c1ccc2ccccc2c1,6.667561540084394,active,478.4450000000002,4.637200000000005,1,4
CHEMBL497749,COc1ccccc1N1CCN(CCCNS(=O)(=O)c2ccc3ccccc3c2)CC1,8.337242168318426,active,439.5810000000002,3.339000000000002,1,5
CHEMBL495678,O=S(=O)(NCCCN1CCN(c2cccc(C(F)(F)F)c2)CC1)c1ccc2ccccc2c1,7.537602002101044,active,477.5520000000002,4.349200000000004,1,4
CHEMBL493816,COc1ccc(S(=O)(=O)NCCCN2CCN(c3ccc(F)cc3)CC2)cc1,7.4089353929735005,active,407.5110000000001,2.3249000000000004,1,5
CHEMBL427518,COc1ccc(S(=O)(=O)NCCCN2CCN(c3ccccc3OC)CC2)cc1,6.565431095965801,active,419.54700000000014,2.1944,1,6
CHEMBL471663,CCCCN1CCC(COc2nc3ccsc3n3cccc23)CC1,5.280000380871156,intermediate,343.4960000000001,4.439900000000004,0,5
CHEMBL470432,CCCN1CCC(COc2nc3scc(C)c3n3cccc23)CC1,5.300000202445418,intermediate,343.4960000000001,4.358220000000004,0,5
CHEMBL511312,CCN1CCC(COc2nc3ccsc3n3cccc23)CC1,4.0,inactive,315.4420000000001,3.6597000000000026,0,5
CHEMBL488812,FC(F)(F)c1nc2c(N3CCN(CCCOc4cccc5[nH]c(=S)[nH]c45)CC3)cccc2[nH]1,8.638272163982407,active,476.5280000000001,4.711690000000003,3,5
CHEMBL427411,CCCN(CCCc1c[nH]c2ccc(F)cc12)[C@H]1COc2c(F)ccc(C(N)=O)c2C1,6.392544976785331,active,427.49500000000023,4.1933000000000025,2,3
CHEMBL457750,CCCN(CCCc1c[nH]c2ccc(F)cc12)C1COc2c(F)ccc(C(=O)NC)c2C1,6.209714835966759,active,441.5220000000002,4.454000000000003,2,3
CHEMBL457751,CCCN(CCCc1c[nH]c2ccc(F)cc12)[C@H]1COc2c(F)ccc(C(=O)NC)c2C1,6.123782159408358,active,441.5220000000002,4.454000000000003,2,3
CHEMBL386288,COc1cccc2c1CC(N(CCCc1c[nH]c3ccc(F)cc13)C1CCC1)CO2,5.698970004336019,intermediate,408.5170000000002,5.106400000000004,1,3
CHEMBL484572,NC(=O)c1ccc(Cl)c2c1CC(N(CCCc1c[nH]c3ccc(F)cc13)C1CCC1)CO2,6.0,intermediate,455.9610000000002,4.850100000000004,2,3
CHEMBL484580,NC(=O)c1cccc2c1CC(N(CCCc1c[nH]c3ccc(F)cc13)C1CCC1)CO2,6.734003629504921,active,421.5160000000002,4.196700000000003,2,3
CHEMBL484747,Cl.NC(=O)c1cccc2c1CC(N(CCCc1c[nH]c3ccc(F)cc13)C1CCC1)CO2,7.180456064458131,active,457.9770000000002,4.618500000000004,2,3
CHEMBL485433,CNC(=O)c1ccc(F)c2c1CC(N(CCCc1c[nH]c3ccc(F)cc13)C1CCC1)CO2,6.090443970758825,active,453.5330000000002,4.596500000000004,2,3
CHEMBL485434,CNC(=O)c1ccc(F)c2c1C[C@@H](N(CCCc1c[nH]c3ccc(F)cc13)C1CCC1)CO2,6.581698708680255,active,453.5330000000002,4.596500000000004,2,3
CHEMBL521303,O=C(O)c1ccc(F)c2c1CC(N(CCCc1c[nH]c3ccc(F)cc13)C1CCC1)CO2,5.698970004336019,intermediate,440.4900000000002,4.935100000000005,2,3
CHEMBL483594,CCNC(=O)c1ccc(F)c2c1CC(N(CCCc1c[nH]c3ccc(F)cc13)C1CCC1)CO2,6.0,intermediate,467.5600000000002,4.986600000000005,2,3
CHEMBL484947,CCCNC(=O)c1ccc(F)c2c1CC(N(CCCc1c[nH]c3ccc(F)cc13)C1CCC1)CO2,6.096910013008056,active,481.5870000000003,5.376700000000005,2,3
CHEMBL484948,CC(C)NC(=O)c1ccc(F)c2c1CC(N(CCCc1c[nH]c3ccc(F)cc13)C1CCC1)CO2,5.698970004336019,intermediate,481.5870000000003,5.375100000000005,2,3
CHEMBL485385,O=C(NC1CC1)c1ccc(F)c2c1CC(N(CCCc1c[nH]c3ccc(F)cc13)C1CCC1)CO2,6.403402904373539,active,479.57100000000025,5.129100000000005,2,3
CHEMBL519679,O=C(NC1CCC1)c1ccc(F)c2c1CC(N(CCCc1c[nH]c3ccc(F)cc13)C1CCC1)CO2,7.0385789059335515,active,493.59800000000035,5.519200000000005,2,3
CHEMBL484540,O=C(NC1CCCCC1)c1ccc(F)c2c1CC(N(CCCc1c[nH]c3ccc(F)cc13)C1CCC1)CO2,6.0,intermediate,521.6520000000004,6.2994000000000065,2,3
CHEMBL484541,O=C(NCC1CC1)c1ccc(F)c2c1CC(N(CCCc1c[nH]c3ccc(F)cc13)C1CCC1)CO2,6.0,intermediate,493.59800000000035,5.376700000000005,2,3
CHEMBL521341,CN(C)C(=O)c1ccc(F)c2c1CC(N(CCCc1c[nH]c3ccc(F)cc13)C1CCC1)CO2,5.698970004336019,intermediate,467.5600000000002,4.938700000000004,1,3
CHEMBL485228,N#Cc1ccc2[nH]cc(CCCN(C3CCC3)C3COc4c(F)ccc(C(N)=O)c4C3)c2c1,6.709965388637482,active,446.5260000000002,4.068380000000003,2,4
CHEMBL484581,COc1ccc2[nH]cc(CCCN(C3CCC3)C3COc4c(F)ccc(C(N)=O)c4C3)c2c1,6.377785977033705,active,451.5420000000002,4.205300000000003,2,4
CHEMBL483573,NC(=O)c1ccc(F)c2c1CC(N(CCCc1c[nH]c3ccc(Cl)cc13)C1CCC1)CO2,6.133712660915805,active,455.9610000000002,4.850100000000004,2,3
CHEMBL520661,NC(=O)c1ccc(F)c2c1CC(N(CCCc1c[nH]c3cc(F)ccc13)C1CCC1)CO2,6.290730039024169,active,439.5060000000002,4.335800000000003,2,3
CHEMBL521510,COc1cccc2c(CCCN(C3CCC3)C3COc4c(F)ccc(C(N)=O)c4C3)c[nH]c12,6.2541448048262716,active,451.54200000000014,4.205300000000002,2,4
CHEMBL485624,NC(=O)c1ccc(F)c2c1CC(N(CCCc1c[nH]c3c(Cl)cccc13)C1CCC1)CO2,6.0,intermediate,455.9610000000002,4.850100000000004,2,3
CHEMBL485625,NC(=O)c1ccc(F)c2c1CC(N(CCCc1c[nH]c3c(F)cc(F)cc13)C1CCC1)CO2,6.686132779630847,active,457.4960000000002,4.474900000000003,2,3
CHEMBL485381,NC(=O)c1ccc(F)c2c1CC(N(CCCCn1ccc3c(F)cccc31)CC1CC1)CO2,6.0,intermediate,453.5330000000002,4.514300000000004,1,4
CHEMBL519514,NC(=O)c1ccc(F)c2c1CC(N(CCCCn1ccc3ccc(F)cc31)CC1CC1)CO2,6.430626090384954,active,453.5330000000002,4.514300000000004,1,4
CHEMBL484537,NC(=O)c1ccc(F)c2c1CC(N(CCCCn1ccc3cccc(F)c31)CC1CC1)CO2,6.690369832574101,active,453.5330000000002,4.514300000000004,1,4
CHEMBL485397,NC(=O)c1ccc(F)c2c1CC(N(CCCCn1ccc3cc(F)ccc31)C1CCC1)CO2,6.0,intermediate,453.5330000000002,4.656800000000004,1,4
CHEMBL485398,NC(=O)c1ccc(F)c2c1CC(N(CCCCn1ccc3ccc(F)cc31)C1CCC1)CO2,6.368556230986828,active,453.5330000000002,4.656800000000004,1,4
CHEMBL519325,NC(=O)c1ccc(F)c2c1CC(N(CCCCn1ccc3cccc(F)c31)C1CCC1)CO2,6.0,intermediate,453.5330000000002,4.656800000000004,1,4
CHEMBL485407,NC(=O)c1ccc(F)c2c1C[C@@H](NCC1CCc3[nH]c4ccc(F)cc4c3C1)CO2,6.367542707815275,active,411.4520000000001,3.2432000000000016,3,3
CHEMBL485579,CCCN(CC1CCc2[nH]c3ccc(F)cc3c2C1)[C@H]1COc2c(F)ccc(C(N)=O)c2C1,6.0,intermediate,453.5330000000003,4.365600000000002,2,3
CHEMBL456657,NC(=O)c1ccc(F)c2c1C[C@@H](N(CC1CC1)CC1CCc3[nH]c4ccc(F)cc4c3C1)CO2,6.0,intermediate,465.5440000000002,4.365600000000003,2,3
CHEMBL483370,CC(CCc1c[nH]c2ccc(F)cc12)N(CC1CC1)C1COc2c(F)ccc(C(N)=O)c2C1,6.47755576649368,active,453.5330000000003,4.581800000000003,2,3
CHEMBL457570,CC1=C(CCN(C)C)c2cc(NS(=O)(=O)c3ccc4ccccc4c3)ccc2C1,6.0,intermediate,406.55100000000016,4.921900000000004,1,3
CHEMBL475969,CC1=C(CCN(C)C)c2cc(S(=O)(=O)Nc3cccc4ccccc34)ccc2C1,6.0,intermediate,406.55100000000016,4.921900000000004,1,3
CHEMBL515307,CN(C)CCC1=CCc2ccc(NS(=O)(=O)c3c(Cl)nc4sccn34)cc21,6.0,intermediate,422.9630000000001,3.741200000000002,1,6
CHEMBL476006,CC1=C(CCN(C)C)c2cc(NS(=O)(=O)c3c(Cl)nc4sccn34)ccc2C1,6.0,intermediate,436.9900000000001,4.131300000000003,1,6
CHEMBL477650,CC1=C(CCN(C)C)c2cc(NS(=O)(=O)c3csc4ccccc34)ccc2C1,5.942333896090171,intermediate,412.58000000000015,4.983400000000005,1,4
CHEMBL506736,Cc1c(O[C@@H](C)c2cccc(F)c2)cccc1C1CCNCC1,6.0,intermediate,313.4160000000001,4.741120000000004,1,2
CHEMBL468176,Fc1ccc(-c2noc(C3CCN(c4cnc5ccc(Cl)cc5c4)CC3)n2)c(Cl)c1,4.301029995663981,inactive,443.3090000000002,6.114700000000004,0,5
CHEMBL516452,O=C(Nc1ccc(Oc2cccnc2Cl)nc1)c1c[nH]c2ccccc12,5.0,intermediate,364.7920000000001,4.655900000000002,2,4
CHEMBL479952,O=C(Nc1ccc(Oc2cccnc2)nc1)c1c[nH]c2ccccc12,5.0,intermediate,330.3470000000001,4.002500000000001,2,4
CHEMBL519103,Cc1ccc2c(C(=O)Nc3ccc(Oc4cccnc4C)nc3)c[nH]c2c1,5.0,intermediate,358.40100000000007,4.619340000000003,2,4
CHEMBL480699,COc1ccc2[nH]cc(C(=O)Nc3ccc(Oc4cccnc4C)nc3)c2c1,5.0,intermediate,374.4000000000001,4.319520000000002,2,5
CHEMBL480127,Cc1ccc2[nH]cc(C(=O)Nc3ccc(Oc4cccnc4C)nc3)c2c1,5.0,intermediate,358.4010000000001,4.619340000000003,2,4
CHEMBL14460,Cc1cc2c(cc1C(F)(F)F)N(C(=O)Nc1ccc(Oc3cccnc3C)nc1)CC2,6.0,intermediate,428.4140000000002,5.499140000000003,1,4
CHEMBL551909,Cc1ccc2c3c(ccc2n1)OC[C@H](CN1CCCN(c2ccc4cc(F)ccc4n2)CC1)O3,7.154901959985743,active,458.53700000000015,4.582620000000004,0,6
CHEMBL564148,Cc1ccc2c3c(ccc2n1)OC[C@H](CN1CCCN(c2ccc4cc(C#N)ccc4n2)CC1)O3,7.236572006437063,active,465.5570000000002,4.3152000000000035,0,7
CHEMBL551304,Cc1ccc2c3c(ccc2n1)OC[C@H](CN1CCCN(c2ccc4ccccc4n2)CC1)O3,7.154901959985743,active,440.54700000000014,4.443520000000003,0,6
CHEMBL560170,Cc1ccc2c3c(ccc2n1)OC[C@H](CN1CCN(c2ccc4cc(C#N)ccc4n2)C[C@H]1C)O3,6.7447274948966935,active,465.5570000000002,4.313600000000003,0,7
CHEMBL551107,Cc1ccc2c3c(ccc2n1)OC[C@H](CN1CCN(c2ccc4ccccc4n2)C[C@H]1C)O3,6.931814138253838,active,440.54700000000014,4.441920000000003,0,6
CHEMBL565234,Cc1ccc2c3c(ccc2n1)OC[C@H](CN1CCN(c2ccc4ccccc4n2)C[C@@H]1C)O3,5.721475035262983,intermediate,440.54700000000014,4.441920000000003,0,6
CHEMBL550576,Cc1ccc2c3c(ccc2n1)OC[C@H](CN1CCN(c2ccc4ccccc4n2)CC1)O3,5.3124710387853655,intermediate,426.52000000000015,4.053420000000003,0,6
CHEMBL551105,Cc1ccc2c3c(ccc2n1)OC[C@H](CN1CCN(c2ccc4cc(OC(F)(F)F)ccc4n2)CC1)O3,6.230622673923861,active,510.5160000000002,4.9520200000000045,0,7
CHEMBL559778,Cc1ccc2c3c(ccc2n1)OC[C@H](CN1CCN(c2ccc4cc(C(N)=O)ccc4n2)CC1)O3,6.785156151952302,active,469.54500000000024,3.1523200000000005,1,7
CHEMBL551964,Cc1ccc2c3c(ccc2n1)OC[C@H](CN1CCN(c2ccc4cc(C#N)ccc4n2)CC1)O3,6.99097425791309,active,451.5300000000002,3.9251000000000023,0,7
CHEMBL550700,Cc1ccc2c3c(ccc2n1)OC[C@H](CN1CCN(c2ccc4cc(Br)ccc4n2)CC1)O3,6.806875401645538,active,505.41600000000017,4.815920000000005,0,6
CHEMBL559579,Cc1ccc2c3c(ccc2n1)OC[C@H](CN1CCN(c2ccc4cc(Cl)ccc4n2)CC1)O3,6.1073489661227,active,460.96500000000015,4.706820000000005,0,6
CHEMBL550169,Cc1ccc2c3c(ccc2n1)OC[C@H](CN1CCN(c2ccc4cc(F)ccc4n2)CC1)O3,5.664542099310616,intermediate,444.51000000000016,4.192520000000004,0,6
CHEMBL556474,Cc1ccc2c3c(ccc2n1)OC[C@H](CN1CCN(c2ccc4cc([N+](=O)[O-])ccc4n2)CC1)O3,6.531652669587842,active,471.5170000000002,3.9616200000000026,0,8
CHEMBL562248,Cc1ccc2c3c(ccc2n1)OC[C@H](CN1CC=C(c2c[nH]c4ccccc24)CC1)O3,7.246416941107094,active,411.5050000000001,4.953620000000004,1,4
CHEMBL574856,Cl.N=C(N)N/N=C1\CCc2ccc(NS(=O)(=O)c3ccc4ccccc4c3)cc21,6.0,intermediate,429.9330000000002,3.1957700000000013,4,4
CHEMBL573981,CN1CCOc2ccc(S(=O)(=O)Nc3ccc4c(c3)/C(=N/NC(=N)N)CC4)cc21.Cl,6.0,intermediate,450.95200000000017,1.8711699999999998,4,6
CHEMBL577570,Cl.N=C(N)N/N=C1\CCc2ccc(NS(=O)(=O)c3c(Cl)nc4sccn34)cc21,5.0,intermediate,460.3720000000002,2.40517,4,7
CHEMBL573521,CC1Cc2ccc(NS(=O)(=O)c3c(Cl)nc4sccn34)cc2/C1=N/NC(=N)N.Cl,6.0,intermediate,474.39900000000006,2.6511699999999996,4,7
CHEMBL578631,Cl.N=C(N)N/N=C1\CCc2cc(NS(=O)(=O)c3c(Cl)nc4sccn34)ccc21,5.0,intermediate,460.3720000000002,2.40517,4,7
CHEMBL575270,CC1(C)C/C(=N\NC(=N)N)c2cc(NS(=O)(=O)c3c(Cl)nc4sccn34)ccc21.Cl,6.0,intermediate,488.4260000000001,3.1402700000000006,4,7
CHEMBL574625,CN(c1ccc2c(c1)/C(=N/NC(=N)N)CC2)S(=O)(=O)c1c(Cl)nc2sccn12.Cl,6.0,intermediate,474.39900000000017,2.4294700000000007,3,7
CHEMBL584554,CCN(CC)C(=O)[C@@H]1C=C2c3cccc4[nH]cc(c34)C[C@H]2N(C(=O)Nc2ccccc2)C1,5.443697499232712,intermediate,428.5360000000002,4.508300000000003,2,2
CHEMBL21343,CCN(CC)C(=O)[C@@H]1C=C2c3cccc4[nH]cc(c34)C[C@H]2NC1,8.522878745280337,active,309.41300000000007,2.5638000000000005,2,2
CHEMBL182150,CN(C)c1nc(N[C@H]2CC[C@@H](NC(=O)c3ccc(F)c(F)c3)CC2)nc2ccccc12,7.772113295386326,active,425.4830000000002,4.127100000000002,2,5
CHEMBL566075,Cc1cnc(N[C@H]2CC[C@@H](CNC(=O)c3cc(C(F)(F)F)cc(C(F)(F)F)c3)CC2)nc1N(C)C,5.318758762624412,intermediate,503.49100000000016,5.2893200000000045,2,5
CHEMBL605938,O=S(=O)(Nc1ccc2c(c1)C(C1CCNC1)=CC2)c1c(Cl)nc2sccn12,6.0,intermediate,420.94700000000006,3.399000000000002,2,6
CHEMBL593889,CC1=C(C2CCCN(C)C2)c2cc(NS(=O)(=O)c3c(Cl)nc4sccn34)ccc2C1,5.0,intermediate,463.02800000000013,4.521400000000003,1,6
CHEMBL605292,CC1=CC(C)(C)c2ccc(NS(=O)(=O)c3c(Cl)nc4sccn34)cc21,5.0,intermediate,393.92100000000005,4.544500000000004,1,5
CHEMBL595301,COc1cc2c(cc1NS(=O)(=O)c1c(Cl)nc3sccn13)C(C)=C(C)C2,5.0,intermediate,409.92000000000013,4.208100000000003,1,6
CHEMBL595449,CN(C)Cc1nc(-c2ccc(C(C)(C)C)cc2)n(-c2cccc(O)c2)n1,5.0,intermediate,350.466,3.999000000000003,1,5
CHEMBL607419,O=C1NCc2ccc3c(c21)CC(N(CCCc1c[nH]c2ccc(F)cc12)CC1CC1)CO3,6.651695136951839,active,433.5270000000002,4.198700000000003,2,3
CHEMBL596297,N#Cc1ccc2[nH]cc(CCCCN(CC3CC3)C3COc4ccc5c(c4C3)C(=O)NC5)c2c1,7.200659450546418,active,454.57400000000024,4.321380000000004,2,4
CHEMBL608728,C=CCOc1cccc2c1-c1cccc3c1[C@@H](C2)N(C)CC3,6.490797477668897,active,291.39400000000006,4.0035000000000025,0,2
CHEMBL609317,CC1Cc2ccc3c(c2O1)-c1cccc2c1[C@@H](C3)N(C)CC2,6.490797477668897,active,291.39400000000006,3.762100000000002,0,2
CHEMBL609611,C[C@H]1Cc2ccc3c(c2O1)-c1cccc2c1[C@@H](C3)N(C)CC2,7.7447274948966935,active,291.39400000000006,3.762100000000002,0,2
CHEMBL431367,Oc1ccc2[nH]cc(CCCCN3CC=C(c4ccccc4)CC3)c2c1,9.096910013008056,active,346.4740000000001,4.9855000000000045,2,2
CHEMBL130327,COc1ccc2[nH]cc(CCCCN3CC=C(c4ccccc4)CC3)c2c1,7.698970004336019,active,360.50100000000003,5.288500000000004,1,2
CHEMBL1086626,Cc1[nH]c(-c2ccccc2)cc1C(=O)NCCCN1CCN(c2cccc(Cl)c2Cl)CC1,6.931814138253838,active,471.43200000000024,5.2390200000000045,2,3
CHEMBL1086754,Cc1c(C(=O)NCCCN2CCN(c3cccc(Cl)c3Cl)CC2)cc(-c2ccccc2)n1C,7.267606240177031,active,485.4590000000002,5.249420000000004,1,4
CHEMBL1086756,CCCn1c(-c2ccccc2)cc(C(=O)NCCCN2CCN(c3cccc(Cl)c3Cl)CC2)c1C,7.026872146400302,active,513.5130000000003,6.122420000000007,1,4
CHEMBL1092929,O=C(CNC(=O)c1cccc(C(F)(F)F)c1)N[C@@H]1CCN(CCC2CCN(C(=O)c3ccccc3)CC2)C1,5.0,intermediate,530.5910000000002,3.5682000000000027,2,4
CHEMBL1089881,O=C(CNC(=O)c1cccc(C(F)(F)F)c1)N[C@@H]1CCN(CCC2CCN(C(=O)c3ccccc3F)CC2)C1,5.0,intermediate,548.5810000000001,3.7073000000000027,2,4
CHEMBL1092921,O=C(CNC(=O)c1cccc(C(F)(F)F)c1)N[C@@H]1CCN(CCC2CCN(C(=O)c3cc(F)ccc3F)CC2)C1,5.0,intermediate,566.5710000000001,3.8464000000000036,2,4
CHEMBL1088874,O=C(CNC(=O)c1cccc(C(F)(F)F)c1)N[C@@H]1CCN(CCC2CCN(C(=O)c3ccccc3Cl)CC2)C1,5.0,intermediate,565.0360000000002,4.221600000000004,2,4
CHEMBL1093469,O=C(CNC(=O)c1cccc(C(F)(F)F)c1)N[C@@H]1CCN(CCN2CCN(C(=O)c3ccccc3)CC2)C1,5.0,intermediate,531.5790000000003,2.0837,2,5
CHEMBL1092238,O=C(CNC(=O)c1cccc(C(F)(F)F)c1)N[C@@H]1CCN(CCN2CCN(C(=O)c3ccccc3Cl)CC2)C1,5.0,intermediate,566.0240000000001,2.7371000000000008,2,5
CHEMBL1093802,O=C(CNC(=O)c1cccc(C(F)(F)F)c1)N[C@@H]1CCN(CCN2CCN(C(=O)c3ccccc3F)CC2)C1,5.0,intermediate,549.5690000000002,2.2228000000000003,2,5
CHEMBL1089793,O=C(CNC(=O)c1cccc(C(F)(F)F)c1)N[C@@H]1CCN(CCN2CCN(C(=O)c3cc(F)ccc3F)CC2)C1,5.0,intermediate,567.5590000000002,2.3619000000000003,2,5
CHEMBL1094558,COc1cc(N2CCN(C3CCN(c4cccc5c(C)ccnc45)CC3)CC2)c2ncccc2c1,8.853871964321762,active,467.6170000000003,4.891020000000005,0,6
CHEMBL1096476,COc1cc(N2CCN(C3CCN(c4ccc(F)c5cccnc45)CC3)CC2)c2ncccc2c1,8.568636235841012,active,471.5800000000003,4.721700000000005,0,6
CHEMBL1097181,COc1cc(N2CCN(C3CCN(c4ccc(F)c5c(C)cc(C)nc45)CC3)CC2)c2ncccc2c1,8.55284196865778,active,499.6340000000004,5.338540000000005,0,6
CHEMBL1094872,COc1cc(N2CCN(C3CCN(c4cccc5cccnc45)CC3)CC2)c2ncccc2c1,8.4089353929735,active,453.5900000000003,4.582600000000005,0,6
CHEMBL1096155,COc1cc(N2CCN(C3CCN(c4cccc5c(C)cc(C)nc45)CC3)CC2)c2ncccc2c1,8.318758762624412,active,481.64400000000035,5.199440000000005,0,6
CHEMBL1098483,COc1cc(N2CCN(C3CCN(c4cccc5cc(F)cnc45)CC3)CC2)c2ncccc2c1,8.2518119729938,active,471.5800000000003,4.721700000000005,0,6
CHEMBL1094556,COc1cc(N2CCN(C3CCN(c4cccc5cc(C)cnc45)CC3)CC2)c2ncccc2c1,8.229147988357855,active,467.61700000000036,4.891020000000005,0,6
CHEMBL1097484,COc1cc(N2CCN(C3CCN(c4ccc(F)c5ccc(C(F)(F)F)nc45)CC3)CC2)c2ncccc2c1,8.154901959985743,active,539.5770000000003,5.740500000000006,0,6
CHEMBL31354,COc1ccccc1N1CCN(CCN(C(=O)C2CCCCC2)c2ccccn2)CC1,8.148741651280925,active,422.57300000000026,3.825700000000003,0,5
CHEMBL1096671,COc1cc(N2CCN(C3CCN(c4ccc(F)c5c(OC)cc(C(F)(F)F)nc45)CC3)CC2)c2ncccc2c1,8.040958607678906,active,569.6030000000004,5.749100000000006,0,7
CHEMBL1096529,COc1cc(N2CCN(C3CCN(c4cc(Br)cc5cccnc45)CC3)CC2)c2ncccc2c1,8.0,active,532.4860000000003,5.345100000000006,0,6
CHEMBL1098133,COc1cc(N2CCN(C3CCN(c4ccc(F)c5cc(C(F)(F)F)cnc45)CC3)CC2)c2ncccc2c1,7.823908740944319,active,539.5770000000003,5.740500000000005,0,6
CHEMBL1098134,COc1cc(N2CCN(C3CCN(c4ccc(F)c5cc(F)cnc45)CC3)CC2)c2ncccc2c1,7.698970004336019,active,489.57000000000033,4.860800000000005,0,6
CHEMBL1096540,COc1cc(N2CCN(C3CCN(c4cccc5ccc(C(F)(F)F)nc45)CC3)CC2)c2ncccc2c1,7.638272163982407,active,521.5870000000003,5.601400000000005,0,6
CHEMBL1094557,COc1cc(N2CCN(C3CCN(c4cccc5cc(C(F)(F)F)cnc45)CC3)CC2)c2ncccc2c1,7.522878745280337,active,521.5870000000003,5.601400000000005,0,6
CHEMBL1096156,COc1cc(N2CCN(C3CCN(c4cccc5c(OC)cc(C(F)(F)F)nc45)CC3)CC2)c2ncccc2c1,7.522878745280337,active,551.6130000000003,5.610000000000006,0,7
CHEMBL1096477,COc1cc(N2CCN(C3CCN(c4cc(F)cc5cccnc45)CC3)CC2)c2ncccc2c1,7.332547047110046,active,471.5800000000003,4.721700000000005,0,6
CHEMBL1096802,COc1cc(N2CCN(C3CCN(c4cccc5ccc(C)nc45)CC3)CC2)c2ncccc2c1,7.327902142064282,active,467.61700000000036,4.891020000000005,0,6
CHEMBL1096530,COc1cc(N2CCN(C3CCN(c4c(F)ccc5cccnc45)CC3)CC2)c2ncccc2c1,6.480172006224281,active,471.5800000000003,4.721700000000005,0,6
CHEMBL1210154,C/C(=N\OC(=O)Nc1ccccc1)c1cccc(-c2cccs2)c1,9.0,active,336.41600000000005,5.387800000000003,1,4
CHEMBL1221497,CN1CCN(c2cccc(NS(=O)(=O)c3ccc4ccccc4c3)c2)CC1,7.2441251443275085,active,381.50100000000015,3.392400000000002,1,4
CHEMBL1222362,CN1CCN(c2cccc(N(C)S(=O)(=O)c3ccc4ccccc4c3)c2)CC1,7.022276394711152,active,395.52800000000013,3.4167000000000023,0,4
CHEMBL1221452,CN1CCN(c2cccc(N(Cc3ccccc3)S(=O)(=O)c3ccc4ccccc4c3)c2)CC1,6.552841968657781,active,471.6260000000002,4.987100000000005,0,4
CHEMBL1222234,CC(C)N(c1cccc(N2CCN(C)CC2)c1)S(=O)(=O)c1cccc2ccccc12,6.525783735923745,active,423.58200000000005,4.195300000000004,0,4
CHEMBL1222364,CCN(c1cccc(N2CCN(C)CC2)c1)S(=O)(=O)c1ccc2ccccc2c1,6.314258261397736,active,409.55500000000006,3.8068000000000026,0,4
CHEMBL1221449,CN1CCN(c2cccc(N(CC3CC3)S(=O)(=O)c3ccc4ccccc4c3)c2)CC1,6.172630726946174,active,435.59300000000013,4.196900000000004,0,4
CHEMBL1222138,CC(C)N(c1cccc(N2CCN(C)CC2)c1)S(=O)(=O)c1ccccc1,5.468648835416941,intermediate,373.522,3.0421000000000022,0,4
CHEMBL1222363,CCCN(c1cccc(N2CCN(C)CC2)c1)S(=O)(=O)c1ccc2ccccc2c1,5.425274416405927,intermediate,423.58200000000005,4.196900000000004,0,4
CHEMBL1222134,CC(C)N(c1cccc(N2CCN(C)CC2)c1)S(=O)(=O)c1ccc2ccccc2c1,6.0,intermediate,423.58200000000005,4.195300000000004,0,4
CHEMBL1082723,C[C@H]1Cc2c([nH]c3cc(Cl)c(F)cc23)[C@@]2(N1)C(=O)Nc1ccc(Cl)cc12,5.0,intermediate,390.24500000000006,4.343700000000003,3,2
CHEMBL1275709,CN(C)[C@@H]1CC[C@H](c2c[nH]c3ccc(C#N)cc23)C1,5.886056647693163,intermediate,253.349,3.237280000000001,1,2
CHEMBL1275791,CN(C)[C@H]1CC[C@@H](c2c[nH]c3ccc(F)cc23)C1,5.958607314841775,intermediate,246.32899999999998,3.5047000000000015,1,1
CHEMBL1277371,Nn1c(SCCCN2CCN(c3ccc4ccccc4n3)CC2)nc2cc([N+](=O)[O-])ccc2c1=O,8.886056647693163,active,491.5770000000003,2.871100000000001,1,10
CHEMBL1278088,Nn1c(CCCCN2CCN(c3ccc4ccccc4n3)CC2)nc2c(c1=O)CCCC2,8.867100230055517,active,432.5720000000004,2.529,1,7
CHEMBL1277558,CC(=O)N1CCc2c(sc3nc(SCCCN4CCN(c5ccc6ccccc6n5)CC4)n(N)c(=O)c23)C1,8.602059991327963,active,549.7260000000002,2.929000000000001,1,10
CHEMBL1278174,Cc1sc2nc(SCCCN3CCN(c4ccccn4)CC3)n(N)c(=O)c2c1C,8.3767507096021,active,430.6030000000002,2.48804,1,9
CHEMBL1276833,Cc1sc2nc(SCCCN3CCN(c4cc(C)c5ccccc5n4)CC3)n(N)c(=O)c2c1C,8.366531544420413,active,494.6900000000003,3.9496600000000015,1,9
CHEMBL1277463,Nn1c(SCCCN2CCN(c3ccc4ccccc4n3)CC2)nc2sc3c(c2c1=O)CCNC3,8.2839966563652,active,507.68900000000036,2.6700999999999997,2,10
CHEMBL1277281,Nn1c(SCCCN2CCN(c3ccc4ccccc4n3)CC2)nc2c(c1=O)CCCC2,8.2518119729938,active,450.61200000000036,2.6885000000000003,1,8
CHEMBL1276919,Cc1sc2nc(SCCCN3CCN(c4ccc5c(n4)CCCC5)CC3)n(N)c(=O)c2c1C,8.214670164989233,active,484.6950000000004,3.3668400000000007,1,9
CHEMBL1277006,O=c1[nH]c(CCCCN2CCN(c3ccc4ccccc4n3)CC2)nc2c1CCCC2,8.207608310501746,active,417.55700000000036,3.341800000000002,1,5
CHEMBL1277560,Nn1c(CCCCCN2CCN(c3ccc4ccccc4n3)CC2)nc2c(c1=O)CCCC2,8.119186407719209,active,446.5990000000004,2.919100000000001,1,7
CHEMBL1277995,Cc1cccc2nc(CCCCN3CCN(c4ccc5ccccc5n4)CC3)n(N)c(=O)c12,7.8696662315049934,active,442.56700000000023,3.1118200000000007,1,7
CHEMBL1277913,Nn1c(CCCCN2CCN(c3ccc4ccccc4n3)CC2)nc2cc(Cl)ccc2c1=O,7.7447274948966935,active,462.98500000000024,3.456800000000002,1,7
CHEMBL1277280,Nn1c(SCCCN2CCN(c3ccc4ccccc4n3)CC2)nc2ccccc2c1=O,7.61261017366127,active,446.5800000000002,2.962900000000001,1,8
CHEMBL1276832,Cc1sc2nc(SCCCN3CCN(c4ccc5ccccc5n4)CC3)n(N)c(=O)c2c1C,7.438898616350944,active,480.66300000000024,3.6412400000000007,1,9
CHEMBL1277373,Nn1c(CCCCN2CCN(c3ccc4ccc(O)cc4n3)CC2)nc2c(c1=O)CCCC2,7.33161408331,active,448.5710000000004,2.2345999999999995,2,8
CHEMBL1277098,Cc1sc2nc(SCCCN3CCN(c4nc5ccccc5c5ccccc45)CC3)n(N)c(=O)c2c1C,7.2564902352715706,active,530.7230000000002,4.794440000000004,1,9
CHEMBL1277283,Nn1c(CCCCN2CCN(c3ccc4cc(O)ccc4n3)CC2)nc2c(c1=O)CCCC2,7.226945306635738,active,448.5710000000004,2.2345999999999995,2,8
CHEMBL1277188,Nn1c(CCCCN2CCN(c3nc4ccccc4c4c3CCC4)CC2)nc2c(c1=O)CCCC2,7.205511953340831,active,472.63700000000057,3.0177000000000014,1,7
CHEMBL1277101,Cc1c(N2CCN(CCCCc3nc4c(c(=O)n3N)CCCC4)CC2)nc2ccccc2c1C,7.189767482004916,active,460.6260000000004,3.1458400000000024,1,7
CHEMBL1276920,Cc1sc2nc(SCCCN3CCN(c4nc5ccccc5s4)CC3)n(N)c(=O)c2c1C,7.176525770829699,active,486.69200000000023,3.7027400000000013,1,10
CHEMBL1277465,Nn1c(CCCN2CCN(c3ccc4ccccc4n3)CC2)nc2c(c1=O)CCCC2,7.043831569524636,active,418.54500000000036,2.1388999999999996,1,7
CHEMBL1277100,Cc1cc2ccccc2nc1N1CCN(CCCCc2nc3c(c(=O)n2N)CCCC3)CC1,7.017728766960431,active,446.5990000000003,2.8374200000000007,1,7
CHEMBL1277282,Nn1c(CCCCN2CCN(c3nc4ccccc4cc3O)CC2)nc2c(c1=O)CCCC2,7.015922966097169,active,448.5710000000004,2.2345999999999995,2,8
CHEMBL1277462,Nn1c(SCCCN2CCN(c3ccc4ccccc4n3)CC2)nc2ncccc2c1=O,9.0,active,447.5680000000002,2.3579,1,9
CHEMBL1276834,Nn1c(CCCCN2CCN(c3ccc4ccccc4n3)CC2)nc2c(c1=O)CCC2,9.0,active,418.54500000000036,2.1388999999999996,1,7
CHEMBL1277652,Nn1c(CCCCN2CCN(c3ccc4ccccc4n3)CC2)nc2cccc(F)c2c1=O,8.0,active,446.53000000000026,2.942500000000001,1,7
CHEMBL1277745,Nn1c(CCCCN2CCN(c3ccc4ccccc4n3)CC2)nc2ccc(F)cc2c1=O,8.0,active,446.53000000000026,2.942500000000001,1,7
CHEMBL1277832,Nn1c(CCCCN2CCN(c3ccc4ccccc4n3)CC2)nc2cccc(Cl)c2c1=O,8.0,active,462.98500000000024,3.456800000000002,1,7
CHEMBL1277833,Nn1c(CCCCN2CCN(c3ccc4ccccc4n3)CC2)nc2ccc(Cl)cc2c1=O,8.0,active,462.98500000000024,3.456800000000002,1,7
CHEMBL1278175,CC1CCc2nc(CCCCN3CCN(c4ccc5ccccc5n4)CC3)n(N)c(=O)c2C1,8.0,active,446.5990000000003,2.7750000000000004,1,7
CHEMBL1278176,CC1CCc2c(nc(CCCCN3CCN(c4ccc5ccccc5n4)CC3)n(N)c2=O)C1,8.0,active,446.5990000000002,2.7750000000000004,1,7
CHEMBL1276835,Nn1c(CCCCN2CCN(c3ccc4ccccc4n3)CC2)nc2c(c1=O)CCCCC2,8.0,active,446.59900000000044,2.919100000000001,1,7
CHEMBL1276922,CC(=O)N1CCc2c(sc3nc(CCCCN4CCN(c5ccc6ccccc6n5)CC4)n(N)c(=O)c23)C1,8.0,active,531.6860000000003,2.7695000000000007,1,9
CHEMBL1277372,Nn1c(SCCCN2CCN(c3ccc4ccccc4n3)CC2)nc2cccnc2c1=O,9.0,active,447.5680000000002,2.3579,1,9
CHEMBL1277099,Nn1c(SCCCN2CCN(c3ccc4ccccc4n3)CC2)nc2sc3c(c2c1=O)CCCC3,8.0,active,506.7010000000004,3.9032000000000027,1,9
CHEMBL1277559,Cc1sc2nc(CCCCN3CCN(c4ccc5ccccc5n4)CC3)n(N)c(=O)c2c1C,8.0,active,462.6230000000003,3.481740000000001,1,8
CHEMBL1277651,Nn1c(CCCCN2CCN(c3ccc4ccccc4n3)CC2)nc2ccccc2c1=O,8.0,active,428.54000000000025,2.803400000000001,1,7
CHEMBL1277746,Nn1c(CCCCN2CCN(c3ccc4ccccc4n3)CC2)nc2cc(F)ccc2c1=O,8.0,active,446.53000000000026,2.942500000000001,1,7
CHEMBL1277914,Nn1c(CCCCN2CCN(c3ccc4ccccc4n3)CC2)nc2c(Cl)cccc2c1=O,8.0,active,462.98500000000024,3.456800000000002,1,7
CHEMBL1277996,Cc1ccc2nc(CCCCN3CCN(c4ccc5ccccc5n4)CC3)n(N)c(=O)c2c1,8.0,active,442.56700000000023,3.1118200000000007,1,7
CHEMBL1278087,Cc1cccc2c(=O)n(N)c(CCCCN3CCN(c4ccc5ccccc5n4)CC3)nc12,8.0,active,442.5670000000001,3.1118200000000016,1,7
CHEMBL1276921,Nn1c(CCCCN2CCN(c3ccc4ccccc4n3)CC2)nc2c(c1=O)CC(O)CC2,8.0,active,448.57100000000037,1.4997999999999994,2,8
CHEMBL1277007,Cc1cc(N2CCN(CCCCc3nc4c(c(=O)n3N)CCCC4)CC2)nc2ccccc12,8.0,active,446.59900000000033,2.8374200000000007,1,7
CHEMBL1277005,Cc1sc2nc(SCCCN3CCN(c4nc5ccccc5nc4-c4ccccc4)CC3)n(N)c(=O)c2c1C,7.0,active,557.7490000000001,4.703240000000004,1,10
CHEMBL1277186,Cc1sc2nc(SCCCN3CCN(c4ccc5ccccc5n4)CC3)[nH]c(=O)c2c1C,7.0,active,465.6480000000002,4.454040000000003,1,7
CHEMBL1277187,O=c1[nH]c(SCCCN2CCN(c3ccc4ccccc4n3)CC2)nc2sc3c(c12)CCCC3,7.0,active,491.6860000000004,4.716000000000005,1,7
CHEMBL1277189,Nn1c(CCCCN2CCN(c3nc4ccccc4c4c3CCCC4)CC2)nc2c(c1=O)CCCC2,7.0,active,486.6640000000006,3.4078000000000017,1,7
CHEMBL1277374,Nn1c(CN2CCN(c3ccc4ccccc4n3)CC2)nc2c(c1=O)CCCC2,7.0,active,390.4910000000003,1.7062999999999993,1,7
CHEMBL1277464,Nn1c(CCN2CCN(c3ccc4ccccc4n3)CC2)nc2c(c1=O)CCCC2,7.0,active,404.51800000000037,1.7487999999999992,1,7
CHEMBL1642116,CN1CCN(c2ccc3c(c2)N(S(=O)(=O)c2ccc4ccccc4c2)CCC3=O)CC1,6.172630726946174,active,435.54900000000026,3.373300000000002,0,5
CHEMBL1642117,CN1CCN(c2cccc3c2C(=O)CCN3S(=O)(=O)c2ccc3ccccc3c2)CC1,6.47755576649368,active,435.54900000000015,3.373300000000002,0,5
CHEMBL1642118,CC1CC(=O)c2ccc(N3CCN(C)CC3)cc2N1S(=O)(=O)c1ccc2ccccc2c1,5.796423225022028,intermediate,449.5760000000001,3.7618000000000027,0,5
CHEMBL1642123,CC1CC(=O)c2c(N3CCN(C)CC3)cccc2N1S(=O)(=O)c1ccc2ccccc2c1,5.917214629683549,intermediate,449.57600000000014,3.7618000000000027,0,5
CHEMBL1642126,CCC1CC(=O)c2c(N3CCN(C)CC3)cccc2N1S(=O)(=O)c1ccc2ccccc2c1,6.000434511774017,active,463.6030000000001,4.151900000000004,0,5
CHEMBL1642128,Cc1cc(N2CCN(C)CC2)c2c(c1)N(S(=O)(=O)c1ccc3ccccc3c1)C(C)CC2=O,5.911509529817604,intermediate,463.60300000000024,4.0702200000000035,0,5
CHEMBL1774997,O=C(N(CCN1CCN(c2ccccc2O)CC1)c1ccccn1)C12CCC(I)(CC1)C2,8.924453038607469,active,546.453,4.080300000000004,1,5
CHEMBL1774996,O=C(N(CCN1CCN(c2ccccc2O)CC1)c1ccccn1)C12CCC(I)(CC1)CC2,8.34008379993015,active,560.4799999999999,4.470400000000004,1,5
CHEMBL1774995,O=C(N(CCN1CCN(c2ccccc2O)CC1)c1ccccn1)C12C3C4C1C1C2C3C41I,8.823908740944319,active,554.4320000000001,2.867800000000001,1,5
CHEMBL1774994,O=C(N(CCN1CCN(c2ccccc2O)CC1)c1ccccn1)C12CC3CC(C1)C(I)C(C3)C2,8.40340290437354,active,586.518,4.572300000000005,1,5
CHEMBL423361,O=C(C1CCCCC1)N(CCN1CCN(c2ccccc2O)CC1)c1ccccn1,9.113509274827518,active,408.54600000000016,3.522700000000002,1,5
CHEMBL1774993,COc1ccccc1N1CCN(CCN(C(=O)C23CCC(I)(CC2)C3)c2ccccn2)CC1,8.694648630553376,active,560.48,4.383300000000004,0,5
CHEMBL1774992,COc1ccccc1N1CCN(CCN(C(=O)C23CCC(I)(CC2)CC3)c2ccccn2)CC1,8.58335949266172,active,574.5070000000001,4.773400000000004,0,5
CHEMBL1774991,COc1ccccc1N1CCN(CCN(C(=O)C23C4C5C2C2C3C4C52I)c2ccccn2)CC1,8.586700235918748,active,568.4589999999998,3.1708000000000016,0,5
CHEMBL1774990,COc1ccccc1N1CCN(CCN(C(=O)C23CC4CC(CC(I)(C4)C2)C3)c2ccccn2)CC1,8.297569463554474,active,600.5450000000001,5.0194000000000045,0,5
CHEMBL3216758,Cc1nc(C(=O)NCCN2CCN(c3cccc(Cl)c3Cl)CC2)c(C)n1-c1ccccc1.Cl.Cl.Cl.Cl,8.4089353929735,active,618.2640000000002,6.035140000000006,1,5
CHEMBL3216098,Cc1nc(C(=O)NCCCN2CCN(c3cccc(Cl)c3Cl)CC2)c(C)n1-c1ccccc1.Cl.Cl.Cl.Cl,8.309803919971486,active,632.2910000000003,6.425240000000008,1,5
CHEMBL1829958,Nc1nc(Br)ncc1-c1c[nH]c2cccc(O)c12,5.0,intermediate,305.13500000000005,2.6752000000000007,3,4
CHEMBL1829961,Nc1nc(Cl)ncc1-c1c[nH]c2cccc(O)c12,5.0,intermediate,260.684,2.566100000000001,3,4
CHEMBL1829566,COC1Cc2c(cnn2-c2ccccc2)C2(CCN(Cc3ccccc3)CC2)O1,6.0,intermediate,389.4990000000002,3.908800000000003,0,5
CHEMBL1829574,COC1Cc2c(cnn2-c2ccccc2)C2(CCN(CC3CCCCC3)CC2)O1,6.0,intermediate,395.54700000000037,4.2889000000000035,0,5
CHEMBL1829578,COC1Cc2c(cnn2-c2ccccc2)C2(CCN(CC(C)C)CC2)O1,6.0,intermediate,355.4820000000002,3.364600000000002,0,5
CHEMBL1829580,COC1Cc2c(cnn2-c2ccccc2)C2(CCN(CCC(C)C)CC2)O1,6.0,intermediate,369.50900000000024,3.7547000000000033,0,5
CHEMBL1829659,CCCCCCCCN1CCC2(CC1)OC(OC)Cc1c2cnn1-c1ccccc1,6.0,intermediate,411.5900000000001,5.069100000000005,0,5
CHEMBL1910138,COc1ccccc1N1CCN(CCN(C(=O)C23CC4CC(CC(CF)(C4)C2)C3)c2ccccn2)CC1,8.369572124974976,active,506.6660000000004,4.801500000000004,0,5
CHEMBL1910139,COc1ccccc1N1CCN(CCN(C(=O)C23C4C5C2C2C3C4C52CF)c2ccccn2)CC1,8.896196279044043,active,474.58000000000015,2.9529000000000014,0,5
CHEMBL1910140,COc1ccccc1N1CCN(CCN(C(=O)C23CCC(CF)(CC2)CC3)c2ccccn2)CC1,8.8153085691824,active,480.6280000000004,4.555500000000004,0,5
CHEMBL1910141,COc1ccccc1N1CCN(CCN(C(=O)C23CCC(CF)(CC2)C3)c2ccccn2)CC1,8.694648630553376,active,466.60100000000034,4.1654000000000035,0,5
CHEMBL1910142,O=C(N(CCN1CCN(c2ccccc2O)CC1)c1ccccn1)C12CC3CC(CC(CF)(C3)C1)C2,8.586700235918748,active,492.6390000000004,4.498500000000004,1,5
CHEMBL1910143,O=C(N(CCN1CCN(c2ccccc2O)CC1)c1ccccn1)C12C3C4C1C1C2C3C41CF,8.869666231504993,active,460.55300000000017,2.6499000000000006,1,5
CHEMBL1910144,O=C(N(CCN1CCN(c2ccccc2O)CC1)c1ccccn1)C12CCC(CF)(CC1)CC2,8.75448733218585,active,466.6010000000004,4.252500000000004,1,5
CHEMBL1910145,O=C(N(CCN1CCN(c2ccccc2O)CC1)c1ccccn1)C12CCC(CF)(CC1)C2,8.7594507517174,active,452.57400000000035,3.8624000000000027,1,5
CHEMBL2322611,COCCCOc1cc(C(=O)N(C[C@@H]2CNC[C@H]2Cc2ccccc2)C(C)C)ccc1OC.Cl,6.0,intermediate,491.0720000000002,4.461200000000004,1,5
CHEMBL422931,FC(F)(F)c1cc(COCC2(c3ccccc3)CCNCC2)cc(C(F)(F)F)c1,6.0,intermediate,417.39300000000014,5.562200000000003,1,2
CHEMBL2387229,Cc1cc(=O)oc2c(Cl)c(OCCCCN3CCC(c4noc5cc(F)ccc45)CC3)ccc12,7.928117992693874,active,484.9550000000002,6.073720000000005,0,6
CHEMBL2393244,Cl.Fc1cccc(Nc2nc(Cc3ccccc3)nc3c2CCNCC3)c1,5.902395671125589,intermediate,384.8860000000002,4.060100000000003,2,4
CHEMBL2393245,Cl.Clc1cccc(Nc2nc(Cc3ccccc3)nc3c2CCNCC3)c1,5.975925012692574,intermediate,401.34100000000024,4.574400000000004,2,4
CHEMBL2393246,COc1cccc(Nc2nc(Cc3ccccc3)nc3c2CCNCC3)c1.Cl,6.0847057169773135,active,396.9220000000002,3.929600000000003,2,5
CHEMBL2393243,Cl.c1ccc(Cc2nc3c(c(Nc4ccccc4)n2)CCNCC3)cc1,6.403622856002401,active,366.8960000000002,3.921000000000002,2,4
CHEMBL19215,CN1C[C@H](CNC(=O)OCc2ccccc2)C[C@@H]2c3cccc4c3c(cn4C)C[C@H]21,8.387216143280265,active,403.5260000000002,4.064700000000003,1,4
CHEMBL3092346,COc1ccc2[nH]cc(CCCN3CCN(CCCc4c[nH]c5ccc(Br)cc45)CC3)c2c1,6.892790030352131,active,509.49200000000013,5.603300000000005,2,3
CHEMBL3092345,Fc1ccc2[nH]cc(CCCN3CCN(CCCc4c[nH]c5ccc(Br)cc45)CC3)c2c1,5.309803919971486,intermediate,497.45600000000013,5.733800000000006,2,2
CHEMBL3092344,COc1ccc2[nH]cc(CCCN3CCN(CCCc4c[nH]c5ccccc45)CC3)c2c1,5.346787486224656,intermediate,430.5960000000001,4.840800000000004,2,3
CHEMBL3092343,COc1ccc2[nH]cc(CCCN3CCN(CCCc4c[nH]c5ccc(F)cc45)CC3)c2c1,5.142667503568731,intermediate,448.5860000000001,4.979900000000004,2,3
CHEMBL3092342,Fc1ccc2[nH]cc(CCCN3CCN(CCCc4c[nH]c5ccccc45)CC3)c2c1,7.795880017344075,active,418.5600000000001,4.971300000000005,2,2
CHEMBL3092351,Brc1ccc2[nH]cc(CCCN3CCN(CCCc4c[nH]c5ccccc45)CC3)c2c1,7.823908740944319,active,479.46600000000024,5.594700000000005,2,2
CHEMBL3092350,Brc1ccc2[nH]cc(CCCN3CCN(CCCc4c[nH]c5ccc(Br)cc45)CC3)c2c1,5.920818753952375,intermediate,558.362,6.357200000000006,2,2
CHEMBL3092349,COc1ccc2[nH]cc(CCCN3CCN(CCCc4c[nH]c5ccc(OC)cc45)CC3)c2c1,6.2225731776106885,active,460.6220000000002,4.849400000000005,2,4
CHEMBL3092348,Fc1ccc2[nH]cc(CCCN3CCN(CCCc4c[nH]c5ccc(F)cc45)CC3)c2c1,5.2441251443275085,intermediate,436.5500000000001,5.110400000000005,2,2
CHEMBL3092347,c1ccc2c(CCCN3CCN(CCCc4c[nH]c5ccccc45)CC3)c[nH]c2c1,5.568636235841012,intermediate,400.5700000000001,4.832200000000004,2,2
CHEMBL3099716,CC1(C)OC(=O)N([C@H]2CC[C@H](c3cnc(N)c(-c4ncccn4)c3)CC2)[C@H]1c1ccccc1,4.314258261397736,inactive,443.55100000000016,5.119100000000004,1,6
CHEMBL3099899,COc1ccc(CNC(=O)c2cc(-c3cc(Cl)cc(Cl)c3)cnc2-c2cccnc2)cc1OC,5.638272163982407,intermediate,494.37800000000016,6.064600000000005,1,5
CHEMBL3126382,CC(=O)O.O=S(=O)(c1cccc(CCCCOCCCCCCNC[C@H](O)c2ccc(O)c(CO)c2)c1)C1CCCC1,7.0,active,607.8100000000002,4.9146000000000045,5,8
CHEMBL3286556,CNc1nc(Cc2ccccc2)nc2c1CCNC[C@@H]2C,6.301029995663981,active,282.39099999999996,2.3583,2,4
CHEMBL514874,COc1ccccc1N1CCN(CCN(C(=O)C2CCCCC2)c2ccccn2)CC1.Cl,8.67778070526608,active,459.0340000000003,4.247500000000004,0,5
CHEMBL3338677,CCCCCCCCCCCCCCCC(=O)N[C@H](C(=O)N[C@H](C(=O)N[C@@H](CC(C)C)C(=O)N1CCC[C@H]1C(=O)N[C@@H](CC(C)C)C(=O)N[C@@H](Cc1c[nH]c2ccccc12)C(=O)N[C@@H](C)C(=O)N[C@H](C(=O)N[C@@H](Cc1ccc(O)cc1)C(=O)N[C@H](C(=O)N[C@@H](Cc1ccc(O)cc1)C(=O)N[C@@H](CCCNC(=N)N)C(N)=O)[C@@H](C)O)[C@@H](C)O)[C@@H](C)O)C(C)C,4.522878745280337,inactive,1721.1650000000004,3.071169999999979,21,19
CHEMBL27,CC(C)NCC(O)COc1cccc2ccccc12,5.40000018605658,intermediate,259.34900000000005,2.5775000000000006,2,3
CHEMBL3736433,CB1C=Cc2cccc(OCC(O)CN(C)C)c2N1,5.300000202445418,intermediate,260.14599999999996,1.5871,2,4
CHEMBL3736156,CB1C=Cc2c(cccc2OCC(O)CN(C)C)N1,5.700000503883016,intermediate,260.14599999999996,1.5870999999999995,2,4
CHEMBL3797529,N=c1c(C(N)=O)cc(Cl)cn1Cc1ccccc1,6.0,intermediate,261.712,1.76817,2,3
CHEMBL3899744,COc1ccc(Br)c(CC2CCN(C3CCN(c4ccc(OC)c(OC)c4)CC3)CC2)c1,8.0,active,503.4810000000004,5.398400000000005,0,5
CHEMBL3946995,O=C(N[C@H]1CC[C@H](CCN2CCN(c3nsc4ccccc34)CC2)CC1)c1ccco1,7.336110701377338,active,438.59700000000026,4.390200000000004,1,6
CHEMBL1256737,CS(=O)(=O)O.CSc1ccc2c(c1)C(N1CCN(C)CC1)Cc1ccccc1S2,7.1487416512809245,active,452.6670000000003,3.908300000000003,1,6
CHEMBL3705001,COCCOc1cc(CC2CCNCC2)ccc1Br,5.0,intermediate,328.25,3.016400000000001,1,3
CHEMBL3656923,OCCOc1cc(CC2CCNCC2)ccc1Br,5.0,intermediate,314.22299999999996,2.3623000000000003,2,3
CHEMBL3705035,O=C(O)COc1cc(CC2CCNCC2)ccc1Br,5.0,intermediate,328.20599999999996,2.4546,2,3
CHEMBL3913343,COc1cc2c(cc1O)[C@@H]1Cc3c(OC)ccc(OC)c3CN1CC2,6.203148250950113,active,341.40700000000015,3.073500000000001,1,5
CHEMBL3897805,COc1ccc(OC)c2c1C[C@H]1c3cc4c(cc3CCN1C2)OCO4,6.199695422443801,active,339.39100000000013,3.088000000000002,0,5
CHEMBL3986624,COc1ccc(OC)c2c1C[C@H]1c3cc4c(cc3CCN1C2)OCCO4,7.287939857538925,active,353.4180000000002,3.1305000000000023,0,5
CHEMBL2057441,COc1cc2c(c(OC)c1)CN1CCc3cc(OC)c(OC)cc3[C@@H]1C2,6.035061872883108,active,355.43400000000014,3.3765000000000027,0,5
CHEMBL2057438,COc1cc(OC)c2c(c1CO)C[C@H]1c3cc4c(cc3CCN1C2)OCO4,6.120313606272118,active,369.4170000000002,2.5803000000000003,1,6
CHEMBL4101902,Cn1nc(-c2cnc(N)c(-c3ccc(C(N)=O)c(F)c3)n2)nc1C1(c2ccccc2)CC1,6.221848749616356,active,429.4590000000002,2.839200000000001,2,7
CHEMBL8618,COc1ccccc1N1CCN(CCCCN2C(=O)c3ccccc3C2=O)CC1,8.301029995663981,active,393.48700000000014,2.893600000000001,0,5
CHEMBL4130132,CC(=O)c1c(OCCCCN2CCN(c3ccccc3C#N)CC2)ccc2c(C)cc(=O)oc12,7.42021640338319,active,459.5460000000003,4.156900000000004,0,7
CHEMBL4126092,CC(=O)c1c(OCCCCN2CCN(c3cccc(Cl)c3Cl)CC2)ccc2c(C)cc(=O)oc12,6.7447274948966935,active,503.42600000000033,5.592020000000006,0,6
CHEMBL4129173,COc1cccc(N2CCN(CCCCOc3ccc4c(C)cc(=O)oc4c3C(C)=O)CC2)c1,7.638272163982407,active,464.5620000000003,4.293820000000004,0,7
CHEMBL4127564,CC(=O)c1c(OCCCCN2CCN(c3ccccc3F)CC2)ccc2c(C)cc(=O)oc12,7.552841968657781,active,452.52600000000024,4.424320000000004,0,6
CHEMBL4129293,CC(=O)c1c(OCCCN2CCN(c3ccccc3C#N)CC2)ccc2c(C)cc(=O)oc12,7.00436480540245,active,445.5190000000003,3.7668000000000026,0,7
CHEMBL4128053,COc1cccc(N2CCN(CCCOc3ccc4c(C)cc(=O)oc4c3C(C)=O)CC2)c1,7.318758762624412,active,450.5350000000003,3.9037200000000034,0,7
CHEMBL4129562,CC(=O)c1c(OCCCN2CCN(c3ccccc3F)CC2)ccc2c(C)cc(=O)oc12,6.721246399047171,active,438.49900000000025,4.034220000000003,0,6
CHEMBL4128926,CC(C)(C)NS(=O)(=O)c1ccc(-c2sc(C(=O)N[C@H]3C[C@H](C(=O)O)C3)nc2CC2CCCCC2)c2ccccc12,9.366531544420413,active,583.7760000000004,5.755900000000005,3,6
CHEMBL4216860,COC(=O)[C@H](Cc1cnc[nH]1)NC(=O)[C@H]1N=C(c2ccccc2O)S[C@@H]1C,5.0,intermediate,388.4490000000001,1.2663000000000004,3,7
CHEMBL4207529,COC(=O)[C@H](Cc1cnc[nH]1)NC(=O)[C@@H]1N=C(c2ccccc2O)S[C@@H]1C,5.0,intermediate,388.4490000000001,1.2663000000000004,3,7
CHEMBL4212435,C[C@@H]1SC(c2ccccc2O)=N[C@H]1Cc1c[nH]cn1,5.0,intermediate,273.361,2.6085000000000003,2,4
CHEMBL4209942,Oc1ccccc1C1=NC(Cc2c[nH]cn2)C(c2ccccc2)S1,5.0,intermediate,335.432,3.961300000000003,2,4
CHEMBL4212246,CCCCOc1ccc(C2=N[C@@H](CO)[C@H](C)S2)cc1,5.0,intermediate,279.405,3.1083000000000016,1,4
CHEMBL4207355,CCCCCCOc1ccc(C2=N[C@@H](CO)[C@H](C)S2)cc1,5.0,intermediate,307.459,3.888500000000003,1,4
CHEMBL4216246,CCCCCCCCOc1ccc(C2=N[C@@H](CO)[C@H](C)S2)cc1,5.0,intermediate,335.51300000000003,4.668700000000005,1,4
CHEMBL4204576,C[C@@H]1SC(c2ccccc2)=N[C@H]1Cc1c[nH]cn1,5.0,intermediate,257.36199999999997,2.9029000000000007,1,3
CHEMBL4204036,C[C@@H]1SC(c2ccccc2)=N[C@@H]1Cc1c[nH]cn1,5.0,intermediate,257.36199999999997,2.9029000000000007,1,3
CHEMBL4209888,COc1ccccc1N1CCN(CCCOc2ccc(C)cc2C)CC1.Cl,8.143271109617118,active,390.9550000000001,4.324940000000005,0,4
CHEMBL4205526,COc1ccc(N2CCN(CCCOc3c(C)cc(C)cc3C)CC2)cc1.Cl.Cl,6.22548303427145,active,441.44300000000015,5.055160000000007,0,4
CHEMBL4212812,Cc1cc(OCCCN2CCN(c3ccccc3)CC2)ccc1Cl.Cl.Cl,6.536107011014092,active,417.80800000000005,5.083120000000006,0,3
CHEMBL4213352,COc1ccccc1N1CCN(CCOCCOc2cc(C)cc(C)c2C)CC1.Cl.Cl,6.424812155072339,active,471.4690000000001,4.681660000000006,0,5
CHEMBL4207653,COc1ccccc1N1CCN(CCOCCOc2c(C)cc(C)cc2C)CC1.Cl.Cl,7.245651664288982,active,471.4690000000001,4.681660000000006,0,5
CHEMBL4203310,Cc1cc(C)c(OCCOCCN2CCN(CCc3ccccc3)CC2)c(C)c1.Cl.Cl,5.928117992693874,intermediate,469.4970000000001,4.711160000000007,0,4
CHEMBL38288,COc1ccccc1N1CCN(C[C@@H](C(=O)NC(C)(C)C)c2ccccc2)CC1,7.772113295386326,active,395.54700000000014,3.5157000000000025,1,4
CHEMBL4293999,O=C(CCCCN1CCC(c2noc3cc(F)ccc23)CC1)c1cc2c3c(c1)CCN3C(=O)CC2,6.230770418263406,active,475.5640000000005,5.034800000000005,0,5
CHEMBL266195,C=CCc1ccccc1OCC(O)CNC(C)C,6.200659450546418,active,249.35399999999996,2.1528,2,3
CHEMBL4459696,COC(=O)CSCCCc1ccccc1OCC(O)CNC(C)C,5.537602002101044,intermediate,355.50000000000006,2.2630999999999997,2,6
CHEMBL4542960,CC(C)NCC(O)COc1ccccc1CCCSCC(=O)NCCOCCOCCNC(=O)OC(C)(C)C,6.1938200260161125,active,571.7810000000003,2.7642000000000007,4,9
CHEMBL4458797,CC(C)NCC(O)COc1ccccc1CCCSCC(=O)NCCOCCOCCN,5.0,intermediate,471.6640000000004,1.1982000000000024,4,8
CHEMBL4452249,CC(C)NCC(O)COc1ccccc1CCCSCC(=O)NCCOCCOCCNC(=O)CCCCCC1(C)C(/C=C/C=C/C=C2/N(CCCS(=O)(=O)O)c3ccc(S(=O)(=O)O)cc3C2(C)C)=[N+](CCCS(=O)(=O)[O-])c2ccc(S(=O)(=O)O)cc21,5.0,intermediate,1312.681,5.86340000000001,7,18
CHEMBL4475573,CC(C)NCC(O)COc1ccccc1CCCSCC(=O)NCCOCCOCCNC(=O)CS(=O)(=O)O,5.0,intermediate,593.7650000000006,0.24350000000000493,5,10
CHEMBL4454523,CC(C)NCC(O)COc1ccccc1CCCSCC(=O)NCCOCCOCCNC(=O)C1C(C(=O)O)C(C(=O)O)C1C(=O)O,5.0,intermediate,685.7930000000006,0.0879000000000082,7,11
CHEMBL4466532,C=CCc1ccccc1OCC(O)CNCCOCCOCCOCCOCCNC(=O)OC(C)(C)C,6.0,intermediate,526.6710000000005,2.3355000000000006,3,9
CHEMBL4587648,C=CCc1ccccc1OCC(O)CNCCOCCOCCOCCOCCN,6.0,intermediate,426.55400000000037,0.7695000000000025,3,8
CHEMBL4527905,C=CCc1ccccc1OCC(O)CNCCOCCOCCOCCOCCNC(=O)CCCCCC1(C)C(/C=C/C=C/C=C2/N(CCCS(=O)(=O)O)c3ccc(S(=O)(=O)O)cc3C2(C)C)=[N+](CCCS(=O)(=O)[O-])c2ccc(S(=O)(=O)O)cc21,6.0,intermediate,1267.5710000000001,5.43470000000001,6,18
CHEMBL4545079,C=CCc1ccccc1OCC(O)CNCCOCCOCCOCCOCCNC(=O)CS(=O)(=O)O,6.0,intermediate,548.6550000000005,-0.18519999999999454,4,10
CHEMBL4440189,C=CCc1ccccc1OCC(O)CNCCOCCOCCOCCOCCNC(=O)C1C(C(=O)O)C(C(=O)O)C1C(=O)O,6.0,intermediate,640.6830000000006,-0.34079999999999117,6,11
CHEMBL3648680,Cn1ncc(NC(=O)c2nc(-c3c(F)cccc3F)sc2N)c1N1CC[C@@H](N)[C@H](F)CC1,5.309803919971486,intermediate,465.5050000000003,2.921900000000001,3,8
CHEMBL3421729,C[C@H]1c2cccc(CCC(C)(C)O)c2C[C@H](CO)N1C(=O)Cc1c(Cl)cccc1Cl,5.42021640338319,intermediate,450.4060000000002,4.746200000000005,2,3
CHEMBL4591601,COc1ccc(/C=C2\NC(=O)N(CCCCN3CCN(c4cccc(Cl)c4Cl)CC3)C2=O)cc1OC,7.4089353929735005,active,533.4560000000002,4.5057000000000045,1,6
CHEMBL4465959,COc1ccc(/C=C2\NC(=O)N(CCCCN3CCN(c4ccccc4OC)CC3)C2=O)cc1OC1CCCC1,7.267606240177031,active,548.6840000000001,4.520300000000004,1,7
CHEMBL4582321,CCOc1ccccc1N1CCN(CCCCC(=O)NCc2nc3cc(F)ccc3c(=O)n2-c2ccccc2)CC1,6.301029995663981,active,557.6700000000001,4.532200000000004,1,7
CHEMBL1910917,COc1cc(/C=C/C(=O)Oc2ccccc2)cc(OC)c1OC,5.026872146400301,intermediate,314.3370000000001,3.3312000000000017,0,5
CHEMBL4534493,CCCCCCCCNC(=O)/C=C/c1cc(OC)c(OC)c(OC)c1,5.920818753952375,intermediate,349.4710000000001,4.202300000000004,1,4
CHEMBL4588956,CCCCCCCCCCNC(=O)/C=C/c1cc(OC)c(OC)c(OC)c1,5.6777807052660805,intermediate,377.5250000000002,4.982500000000004,1,4
CHEMBL501235,COc1cc(/C=C/C(=O)O)cc(OC)c1OC,5.119186407719209,intermediate,238.23899999999998,1.8101999999999998,1,4
CHEMBL4563408,O=C(Nc1ccc(OC(F)F)nc1)NC1CCN(c2ncnc3c2nc(-c2ccccc2Cl)n3-c2ccc(Cl)cc2)CC1,5.0,intermediate,625.467,6.576200000000005,2,8
CHEMBL364610,c1ccc2c(CCCCN3CCN(c4ccc5c(c4)OCCO5)CC3)c[nH]c2c1,8.096910013008056,active,391.5150000000002,4.084000000000002,1,4
CHEMBL186655,Fc1ccc2[nH]cc(CCCCN3CCN(c4ccc5c(c4)OCCO5)CC3)c2c1,8.301029995663981,active,409.5050000000002,4.223100000000004,1,4
CHEMBL360407,Clc1ccc2[nH]cc(CCCCN3CCN(c4ccc5c(c4)OCCO5)CC3)c2c1,7.3979400086720375,active,425.9600000000002,4.737400000000004,1,4
CHEMBL189709,N#Cc1ccc2[nH]cc(CCCCN3CCN(c4ccc5c(c4)OCCO5)CC3)c2c1,9.0,active,416.5250000000002,3.9556800000000027,1,5
CHEMBL188799,N#Cc1ccc2[nH]cc(CCCCN3CCN(c4ccc5c(c4)OCO5)CC3)c2c1,9.154901959985743,active,402.49800000000016,3.913180000000003,1,5
CHEMBL188798,Fc1ccc2[nH]cc(CCCCN3CCN(c4ccc5c(c4)OCO5)CC3)c2c1,8.397940008672037,active,395.4780000000002,4.180600000000004,1,4
CHEMBL439849,N#Cc1ccc2[nH]cc(CCCCN3CCN(c4ccc5oc(C(N)=O)cc5c4)CC3)c2c1,9.698970004336019,active,441.5350000000002,4.029580000000003,2,5
CHEMBL360390,NC(=O)c1cc2cc(N3CCN(CCCCc4c[nH]c5ccc(F)cc45)CC3)ccc2o1,8.522878745280337,active,434.5150000000001,4.297000000000003,2,4
CHEMBL4476621,O=C(NNC(=S)Nc1ccc(Cl)c(Cl)c1)c1ccccc1O,9.221848749616356,active,356.2340000000001,3.3304000000000005,4,3
CHEMBL4579120,CC(C)CCO[C@@H]1[C@H]2OC(C)(C)O[C@H]2[C@H]2Cn3cc(nn3)COCCCCCCN(CCc3ccc4ccccc4c3)CC[C@H]1O2,6.309803919971486,active,634.8620000000004,6.175500000000007,0,9
CHEMBL4562303,CC(C)CCO[C@@H]1[C@H]2OC(C)(C)O[C@H]2[C@H]2COCc3cn(nn3)C[C@H]3O[C@H](CCN(CCc4ccc5ccccc5c4)CC[C@H]1O2)[C@H](OCCC(C)C)[C@H]1OC(C)(C)O[C@H]13,6.167491087293763,active,835.096,6.724000000000007,0,13
CHEMBL4779424,CN(C)CC/C=C/c1cccnc1,5.0,intermediate,176.263,2.0465,0,2
CHEMBL4764679,CN1CCc2ccc(OCCCN3CCC(c4noc5cc(F)ccc45)CC3)cc2C1=O,7.244887733604929,active,437.51500000000016,4.243500000000004,0,5
CHEMBL4867978,Fc1ccc2c(C3CCN(CCCOc4ccc(CCN5CCOCC5)cc4)CC3)noc2c1,6.608006927740288,active,467.5850000000004,4.490100000000004,0,6
CHEMBL4851044,CN1CCC(=C(F)c2cccc(NC(=O)c3c(F)cc(F)cc3F)n2)CC1,6.821166882640883,active,379.3570000000001,4.1574000000000035,1,3
CHEMBL4870130,N#Cc1ccc2[nH]cc(CCCN3CCN(c4ccc(-n5ccc6ncccc6c5=O)cc4)CC3)c2c1,8.769551078621726,active,488.5950000000002,4.493480000000004,1,6
CHEMBL4867414,N#Cc1ccc2[nH]cc(CCCCN3CCN(c4ccc(-n5ccc6ncccc6c5=O)cc4)CC3)c2c1,9.301029995663981,active,502.6220000000002,4.883580000000005,1,6
CHEMBL4864918,N#Cc1ccc2[nH]cc(CCCCN3CCN(c4ccc(-n5ccc6occc6c5=O)cc4)CC3)c2c1,9.853871964321762,active,491.5950000000002,5.081580000000004,1,6
CHEMBL1800685,O=C(O)c1cc(-c2ccc(C3CCNCC3)cc2)c2ccc(-c3ccc(C(F)(F)F)cc3)cc2c1,5.154281982033341,intermediate,475.51000000000005,7.3578000000000054,2,2
CHEMBL5092058,Cc1cn([C@H](C)CC#N)c(=O)c2cc(Cn3nc(C(F)F)cc3Cl)nn12,5.0,intermediate,380.78600000000006,3.1149000000000013,0,7
CHEMBL304426,CCCN(CCC)C1CCc2ccc3[nH]cc(C=O)c3c2C1,8.920818753952375,active,298.4300000000001,3.9597000000000033,1,2
CHEMBL5078078,CC(C)(O)c1ccc(N2Cc3c(ccnc3-c3ccc(F)cc3OCC(F)(F)F)C2=O)cc1,5.0,intermediate,460.42700000000013,5.216600000000003,1,4
